sampleID,Abiotrophia_defectiva,Acidovorax_ebreus,Acinetobacter_junii,Acinetobacter_unclassified,Actinobacillus_unclassified,Actinomyces_georgiae,Actinomyces_graevenitzii,Actinomyces_johnsonii,Actinomyces_massiliensis,Actinomyces_naeslundii,Actinomyces_odontolyticus,Actinomyces_oris,Actinomyces_sp_HPA0247,Actinomyces_sp_ICM39,Actinomyces_sp_ICM47,Actinomyces_sp_oral_taxon_172,Actinomyces_sp_oral_taxon_448,Actinomyces_viscosus,Aggregatibacter_actinomycetemcomitans,Aggregatibacter_aphrophilus,Aggregatibacter_segnis,Aggregatibacter_unclassified,Alloprevotella_rava,Alloprevotella_tannerae,Alloprevotella_unclassified,Alloscardovia_omnicolens,Anaeroglobus_geminatus,Atopobium_parvulum,Atopobium_rimae,Atopobium_sp_ICM58,Bacteroides_pyogenes,Bacteroidetes_oral_taxon_274,Bifidobacterium_dentium,Bifidobacterium_longum,Bulleidia_extructa,C2likevirus_unclassified,Campylobacter_concisus,Campylobacter_gracilis,Campylobacter_rectus,Campylobacter_showae,candidate_division_TM7_single_cell_isolate_TM7b,candidate_division_TM7_single_cell_isolate_TM7c,Candidatus_Prevotella_conceptionensis,Capnocytophaga_gingivalis,Capnocytophaga_granulosa,Capnocytophaga_ochracea,Capnocytophaga_unclassified,Cardiobacterium_hominis,Catonella_morbi,Centipeda_periodontii,Corynebacterium_durum,Corynebacterium_matruchotii,Cryptobacterium_curtum,Dialister_invisus,Eikenella_corrodens,Enhydrobacter_aerosaccus,Escherichia_coli,Escherichia_unclassified,Eubacteriaceae_bacterium_ACC19a,Eubacteriaceae_bacterium_CM5,Eubacteriaceae_bacterium_OBRC8,Eubacteriaceae_noname_unclassified,Eubacterium_brachy,Eubacterium_infirmum,Eubacterium_saphenum,Eubacterium_yurii,Filifactor_alocis,Fretibacterium_fastidiosum,Fusobacterium_necrophorum,Fusobacterium_nucleatum,Fusobacterium_periodonticum,Gemella_bergeri,Gemella_haemolysans,Gemella_morbillorum,Gemella_sanguinis,Gemella_unclassified,Granulicatella_adiacens,Granulicatella_elegans,Granulicatella_unclassified,Haemophilus_haemolyticus,Haemophilus_influenzae,Haemophilus_parahaemolyticus,Haemophilus_parainfluenzae,Haemophilus_paraphrohaemolyticus,Haemophilus_pittmaniae,Haemophilus_sputorum,Human_herpesvirus_4,Human_herpesvirus_6B,Human_herpesvirus_7,Johnsonella_ignava,Kingella_denitrificans,Kingella_kingae,Kingella_oralis,Kingella_unclassified,Lachnoanaerobaculum_saburreum,Lachnospiraceae_bacterium_ICM7,Lachnospiraceae_bacterium_oral_taxon_082,Lachnospiraceae_oral_taxon_107,Lactobacillus_fermentum,Lactobacillus_gasseri,Lactobacillus_phage_Lc_Nu,Lactobacillus_rhamnosus,Lautropia_mirabilis,Leptotrichia_buccalis,Leptotrichia_goodfellowii,Leptotrichia_hofstadii,Leptotrichia_shahii,Leptotrichia_sp_oral_taxon_215,Leptotrichia_unclassified,Leptotrichia_wadei,Lymphocryptovirus_unclassified,Megasphaera_micronuciformis,Mitsuokella_unclassified,Moraxella_catarrhalis,Murine_osteosarcoma_virus,Mycoplasma_orale,Neisseria_bacilliformis,Neisseria_cinerea,Neisseria_elongata,Neisseria_flavescens,Neisseria_gonorrhoeae,Neisseria_lactamica,Neisseria_macacae,Neisseria_meningitidis,Neisseria_polysaccharea,Neisseria_sicca,Neisseria_sp_oral_taxon_014,Neisseria_subflava,Neisseria_unclassified,Olsenella_uli,Oribacterium_sinus,Oribacterium_sp_ACB1,Oribacterium_sp_ACB8,Oribacterium_sp_oral_taxon_078,Parascardovia_denticolens,Parvimonas_micra,Parvimonas_sp_oral_taxon_110,Parvimonas_unclassified,Peptostreptococcus_stomatis,Peptostreptococcus_unclassified,Porphyromonas_catoniae,Porphyromonas_endodontalis,Porphyromonas_gingivalis,Porphyromonas_sp_oral_taxon_279,Prevotella_buccae,Prevotella_denticola,Prevotella_histicola,Prevotella_intermedia,Prevotella_loescheii,Prevotella_maculosa,Prevotella_marshii,Prevotella_melaninogenica,Prevotella_micans,Prevotella_multiformis,Prevotella_nanceiensis,Prevotella_nigrescens,Prevotella_oralis,Prevotella_oris,Prevotella_oulorum,Prevotella_pallens,Prevotella_pleuritidis,Prevotella_saccharolytica,Prevotella_salivae,Prevotella_sp_C561,Prevotella_sp_oral_taxon_306,Prevotella_veroralis,Propionibacterium_acnes,Propionibacterium_phage_PAS50,Propionibacterium_propionicum,Pseudomonas_stutzeri,Pseudomonas_unclassified,Ralstonia_pickettii,Ralstonia_unclassified,Riemerella_unclassified,Roseolovirus_unclassified,Rothia_aeria,Rothia_dentocariosa,Rothia_mucilaginosa,Rothia_unclassified,Scardovia_unclassified,Scardovia_wiggsiae,Selenomonas_artemidis,Selenomonas_flueggei,Selenomonas_infelix,Selenomonas_noxia,Selenomonas_sputigena,Shuttleworthia_satelles,Simonsiella_muelleri,Slackia_unclassified,Solobacterium_moorei,Staphylococcus_hominis,Stomatobaculum_longum,Streptococcus_agalactiae,Streptococcus_anginosus,Streptococcus_australis,Streptococcus_constellatus,Streptococcus_cristatus,Streptococcus_gordonii,Streptococcus_infantis,Streptococcus_intermedius,Streptococcus_mitis_oralis_pneumoniae,Streptococcus_mutans,Streptococcus_oligofermentans,Streptococcus_parasanguinis,Streptococcus_peroris,Streptococcus_phage_Cp_1,Streptococcus_phage_Dp_1,Streptococcus_phage_EJ_1,Streptococcus_pseudopneumoniae,Streptococcus_pyogenes,Streptococcus_salivarius,Streptococcus_sanguinis,Streptococcus_sobrinus,Streptococcus_sp_M334,Streptococcus_sp_SK140,Streptococcus_thermophilus,Streptococcus_tigurinus,Streptococcus_vestibularis,Tannerella_forsythia,Thiomonas_unclassified,Torque_teno_virus,Torque_teno_virus_12,Treponema_denticola,Treponema_lecithinolyticum,Treponema_maltophilum,Treponema_medium,Treponema_socranskii,Treponema_vincentii,Veillonella_atypica,Veillonella_dispar,Veillonella_parvula,Veillonella_sp_6_1_27,Veillonella_sp_HPA0037,Veillonella_sp_oral_taxon_158,Veillonella_sp_oral_taxon_780,Veillonella_unclassified
SC01,6686.26,0.0,0.0,0.0,0.0,0.0,3240.55,0.0,0.0,597.239,2665.59,0.0,0.0,0.0,0.0,0.0,0.0,0.0,0.0,777.343,4958.6,0.0,1373.71,28207.0,0.0,0.0,0.0,18652.4,3047.64,0.0,0.0,219.706,0.0,0.0,0.0,0.0,3857.3,0.0,0.0,0.0,72562.2,72608.0,0.0,618.496,0.0,0.0,8421.77,0.0,160.885,0.0,0.0,49.3574,367.487,3363.29,0.0,0.0,0.0,397.626,0.0,0.0,0.0,0.0,16779.3,48901.3,0.0,0.0,958.175,0.0,0.0,6615.93,28032.1,0.0,3007.74,20631.3,2343.97,0.0,8985.96,7169.78,2826.62,359.625,135.114,0.0,26252.3,0.0,0.0,2408.9,14550.2,0.0,11822.5,0.0,0.0,0.0,0.0,0.0,0.0,2505.14,30.721,358.606,0.0,0.0,0.0,0.0,919.3,560.84,0.0,0.0,76.7297,0.0,3538.88,1745.56,1448.98,5323.76,0.0,0.0,0.0,3871.43,0.0,0.0,0.0,2371.63,748.369,0.0,346.667,488.624,0.0,1216.32,0,1321.15,14872.0,0.0,5413.3,0.0,0.0,0.0,0.0,11597.1,0.0,54263.3,8032.59,19219.3,1468.2,4529.38,0.0,211797.0,24.1691,4305.45,11310.7,0.0,1474.61,1070.28,741.963,64098.1,2106.06,0.0,16416.9,4846.64,0.0,4029.4,5569.23,181959.0,1012.34,978.849,63629.4,0,0.0,228.005,0.0,0.0,0.0,0.0,0.0,0.0,0.0,0.0,0.0,1047.28,5597.77,18696.7,0.0,660.283,7935.33,0.0,2316.89,0.0,3498.84,0.0,29.265,0.0,87.9406,50460.8,0.0,1501.25,0.0,0.0,4964.57,16429.8,2004.58,2266.07,10537.6,6273.63,7933.0,66.9747,1697.37,5101.87,472.463,0.0,0.0,0.0,0.0,0.0,6790.5,35606.4,0.0,0.0,0.0,0.0,2674.04,0.0,0.0,0.0,0.0,0.0,0.0,650.528,0.0,0.0,183.744,0.0,6097.46,5372.24,17398.4,0.0,0.0,0.0,0.0,56289.4
SC05,136.454,0.0,0.0,0.0,941.218,0.0,9516.73,0.0,0.0,823.213,405.374,772.022,0.0,0.0,0.0,0.0,0.0,1299.06,5496.23,0.0,0.0,0.0,0.0,0.0,0.0,0.0,0.0,21772.0,0.0,0.0,0.0,0.0,0.0,0.0,0.0,0.0,19058.9,353.684,0.0,339.39,3989.58,4273.13,0.0,1112.91,700.387,708.199,4201.0,0.0,117.341,0.0,33.5734,399.557,0.0,263.269,0.0,0.0,0.0,0.0,0.0,0.0,0.0,0.0,26020.7,0.0,0.0,0.0,0.0,0.0,23839.4,10699.1,0.0,0.0,1607.04,2728.75,0.0,0.0,3840.16,0.0,5390.69,1081.0,683.102,1413.07,6138.45,237.174,0.0,0.0,0.0,0.0,3796.78,0.0,0.0,0.0,56.3435,161.717,260.942,0.0,708.864,0.0,0.0,0.0,0.0,0.0,14503.4,0.0,32.0775,0.0,0.0,0.0,1413.57,1294.4,0.0,54687.6,1257.51,0.0,0.0,0.0,0.0,0.0,0.0,0.0,0.0,0.0,0.0,298.005,0.0,285.872,0,0.0,5773.46,0.0,1668.2,0.0,0.0,0.0,0.0,1106.59,0.0,8303.6,2831.63,0.0,0.0,6303.65,0.0,0.0,0.0,94.7368,419016.0,19328.8,0.0,0.0,0.0,935.401,0.0,0.0,0.0,5285.81,0.0,14443.9,5880.66,25363.5,4330.8,0.0,48737.4,0,0.0,1411.08,0.0,0.0,0.0,0.0,0.0,0.0,0.0,0.0,0.0,2365.1,30068.5,45756.9,0.0,0.0,1454.29,326.094,3947.2,0.0,9817.39,94.903,0.0,0.0,0.0,21199.1,0.0,347.202,0.0,698.892,0.0,503.601,0.0,190.969,0.0,10834.6,22343.4,15042.2,0.0,79042.2,900.664,0.0,0.0,0.0,189.307,1313.52,136575.0,9348.19,0.0,0.0,0.0,0.0,1143.99,3421.66,0.0,0.0,0.0,0.0,0.0,0.0,0.0,0.0,204.764,0.0,112315.0,76493.1,15633.7,0.0,39837.8,0.0,0.0,209972.0
SC07,25673.3,0.0,0.0,0.0,0.0,41.0137,4679.13,522.224,1820.91,0.0,1361.6,145.459,0.0,0.0,0.0,0.0,0.0,225.193,0.0,0.0,4437.12,0.0,0.0,25236.7,0.0,0.0,1778.87,35472.5,4083.79,0.0,0.0,1373.58,0.0,0.0,1330.02,0.0,2312.56,273.085,0.0,2329.12,411273.0,423139.0,1939.36,1987.0,1339.44,215.768,9382.21,143.93,5167.47,210.163,0.0,18136.7,0.0,4021.38,1707.29,0.0,0.0,0.0,0.0,0.0,0.0,0.0,37628.9,26269.2,0.0,0.0,0.0,0.0,0.0,13410.0,16687.5,0.0,7388.84,82570.8,4573.16,0.0,11336.3,32752.1,6615.18,1193.73,1570.24,0.0,24481.9,0.0,0.0,1500.95,10530.6,0.0,4468.97,396.381,2196.91,0.0,0.0,0.0,972.866,1894.02,245.063,2242.51,0.0,0.0,0.0,0.0,501.335,3766.89,189.784,4266.96,840.144,0.0,12116.1,1675.45,0.0,7473.92,0.0,0.0,0.0,0.0,0.0,0.0,0.0,7466.03,0.0,0.0,543.623,319.703,0.0,1695.83,0,0.0,32406.4,0.0,7024.3,0.0,0.0,268.754,0.0,1730.47,0.0,32375.4,8026.21,15885.8,14289.6,6877.82,0.0,156261.0,247.101,0.0,11337.1,3277.53,142.656,3140.73,3622.45,198013.0,12524.0,0.0,16591.2,4507.69,0.0,10890.5,10782.3,115661.0,0.0,2793.52,24370.0,0,0.0,7627.02,0.0,0.0,0.0,0.0,0.0,0.0,0.0,707.168,0.0,4692.89,10575.4,25327.6,0.0,0.0,2395.86,1444.4,1524.39,2353.58,11629.8,1649.46,0.0,0.0,477.39,49500.2,0.0,769.835,0.0,0.0,7120.34,1805.62,11051.3,9660.13,21500.9,4204.8,8653.13,0.0,8354.83,57275.3,484.522,0.0,0.0,38220.2,0.0,0.0,3096.92,11150.4,0.0,0.0,0.0,0.0,3494.57,0.0,0.0,0.0,0.0,0.0,0.0,0.0,0.0,104.7,40.759,417.78,18922.4,5773.51,57123.5,0.0,0.0,40324.6,0.0,88949.6
SC09,531.682,0.0,0.0,0.0,0.0,0.0,254.603,0.0,0.0,0.0,399.827,0.0,0.0,0.0,0.0,0.0,0.0,0.0,0.0,0.0,0.0,242.88,0.0,0.0,712.85,0.0,0.0,5411.48,1735.23,0.0,0.0,1156.66,0.0,0.0,0.0,592.136,12318.2,0.0,0.0,144.449,104913.0,118511.0,0.0,135.439,0.0,504.943,4005.06,0.0,150.844,0.0,0.0,0.0,404.768,1971.43,0.0,0.0,375.413,0.0,0.0,0.0,0.0,0.0,2889.76,3533.83,0.0,0.0,0.0,0.0,0.0,3251.71,2976.18,0.0,117.613,2443.05,0.0,0.0,866.018,437.417,1980.54,0.0,453.79,0.0,6554.96,0.0,339.277,0.0,49505.8,0.0,129180.0,0.0,0.0,0.0,0.0,0.0,0.0,0.0,0.0,0.0,0.0,0.0,0.0,0.0,0.0,0.0,0.0,0.0,155.591,0.0,1934.42,1245.4,0.0,34040.6,515.6,0.0,0.0,525.191,0.0,0.0,0.0,0.0,0.0,0.0,47.7623,81.7675,0.0,621.878,0,0.0,5719.75,0.0,17170.5,0.0,0.0,0.0,0.0,664.409,0.0,2191.35,535.848,0.0,1542.05,1466.2,0.0,7380.68,0.0,0.0,22537.0,2309.83,0.0,1077.12,0.0,36909.1,1212.56,0.0,3261.11,4841.24,0.0,5947.91,21551.6,24547.4,604.634,241.33,6707.06,0,0.0,5310.62,0.0,0.0,0.0,0.0,0.0,0.0,0.0,0.0,0.0,1537.89,5566.58,8027.94,0.0,1590.69,4338.23,188.143,1894.6,0.0,21873.9,834.629,0.0,0.0,0.0,21112.6,0.0,355.456,0.0,98.8185,0.0,0.0,793.551,0.0,1727.19,1937.81,9137.13,0.0,335.111,7602.05,0.0,0.0,0.0,0.0,406.609,0.0,864.468,23080.8,0.0,0.0,0.0,0.0,0.0,0.0,378.029,0.0,0.0,0.0,0.0,301.106,0.0,0.0,117.226,0.0,38766.0,95599.3,4985.98,0.0,0.0,0.0,0.0,39231.0
SC10,7094.5,0.0,0.0,0.0,513.159,0.0,5047.44,0.0,0.0,0.0,1741.47,43.0045,0.0,0.0,0.0,0.0,0.0,143.073,0.0,0.0,512.952,127.98,0.0,20189.6,0.0,0.0,0.0,38396.0,28528.5,0.0,0.0,68.6418,760.228,0.0,0.0,0.0,2519.28,139.971,0.0,0.0,206843.0,221120.0,968.014,1976.14,0.0,319.846,7549.77,0.0,1496.06,0.0,243.141,0.0,4674.05,24000.6,244.174,0.0,0.0,0.0,0.0,0.0,0.0,0.0,8249.0,65115.2,0.0,0.0,0.0,0.0,0.0,9092.14,20643.6,0.0,1286.41,2052.43,2233.75,0.0,3639.87,3712.86,5291.41,2846.15,1904.4,0.0,54668.6,0.0,12776.9,1395.37,1391.24,0.0,0.0,0.0,0.0,0.0,0.0,0.0,0.0,4803.48,0.0,0.0,0.0,3037.6,488.556,516.881,1865.53,97.3803,1565.74,0.0,0.0,0.0,0.0,332.458,326.048,3053.73,0.0,0.0,0.0,0.0,0.0,0.0,0.0,7273.13,0.0,0.0,2629.27,408.543,0.0,3920.85,0,544.172,9041.28,0.0,3132.92,0.0,0.0,271.673,0.0,1313.91,0.0,20264.8,8475.81,15802.1,4177.84,443.277,0.0,90930.9,1329.0,11361.9,88056.6,0.0,1495.44,3207.14,162.094,247621.0,2227.34,0.0,17949.8,23916.5,0.0,14813.0,7545.63,106341.0,0.0,1447.06,35362.5,0,0.0,2614.38,0.0,0.0,0.0,0.0,0.0,0.0,0.0,0.0,3201.56,4853.92,5481.62,13280.3,0.0,0.0,44582.6,72.3633,0.0,528.252,6242.47,0.0,1678.42,0.0,156.305,63384.3,0.0,0.0,0.0,0.0,2822.38,192.486,134.596,3025.2,3127.96,13355.6,5452.89,0.0,114.748,8124.95,0.0,0.0,0.0,0.0,0.0,0.0,7340.53,30096.3,0.0,0.0,0.0,0.0,1357.12,0.0,0.0,0.0,0.0,0.0,789.174,0.0,0.0,423.635,41.5572,0.0,11437.1,12887.9,110625.0,0.0,0.0,0.0,0.0,163670.0
SC11,11387.5,0.0,0.0,0.0,0.0,0.0,0.0,0.0,0.0,0.0,3368.58,40.1787,0.0,0.0,0.0,0.0,0.0,0.0,0.0,340.715,146.786,0.0,4001.62,14892.7,0.0,0.0,0.0,58641.1,23787.4,0.0,0.0,708.038,0.0,0.0,715.359,0.0,1151.79,0.0,0.0,36.4287,55194.3,65710.7,0.0,427.859,0.0,567.502,3551.08,0.0,2443.94,0.0,0.0,52.6787,3214.47,37195.5,0.0,0.0,241.072,0.0,0.0,0.0,0.0,95.8932,32944.7,22765.6,5408.05,0.0,1657.33,0.0,0.0,8906.28,5000.73,0.0,7728.06,21233.1,374.465,0.0,13241.5,27881.2,3967.69,1506.08,1073.4,0.0,40192.3,0.0,0.0,2568.76,185.358,0.0,0.0,876.789,0.0,0.0,0.0,0.0,29.8215,1215.54,0.0,765.538,0.0,0.0,0.0,0.0,1413.75,360.537,1462.5,0.0,441.073,0.0,2709.83,1333.22,0.0,10867.0,0.0,0.0,0.0,476.609,0.0,925.182,0.0,341.787,0.0,0.0,61.7859,1645.18,0.0,1691.26,0,0.0,4739.3,0.0,876.789,0.0,0.0,155.893,0.0,1778.04,0.0,10710.6,4932.87,7643.42,3376.08,6633.95,0.0,31473.5,2779.47,5293.77,273756.0,1514.29,657.324,1655.54,1836.61,119236.0,3198.94,0.0,6980.02,61734.5,0.0,35018.5,8891.46,79578.3,7446.1,1813.76,51366.2,0,0.0,22241.7,0.0,0.0,92.8574,0.0,0.0,0.0,0.0,0.0,0.0,1310.36,2484.83,2661.08,0.0,0.0,56768.6,69.1074,690.359,0.0,4489.66,495.359,2231.26,0.0,0.0,41932.3,0.0,69.6431,0.0,0.0,3628.94,1596.79,1662.33,1894.65,9483.96,20099.0,8514.67,2036.26,0.0,12143.8,0.0,0.0,0.0,0.0,0.0,0.0,17952.7,78530.8,76.4288,0.0,0.0,0.0,856.431,594.823,0.0,0.0,0.0,0.0,519.109,1106.25,25.8929,964.11,806.967,120.536,24444.9,9009.14,24208.8,0.0,0.0,0.0,12052.2,159375.0
SC15,4709.34,0.0,0.0,0.0,0.0,0.0,923.643,492.886,0.0,836.249,1437.24,0.0,0.0,0.0,0.0,0.0,0.0,472.383,0.0,0.0,0.0,0.0,0.0,0.0,22366.9,0.0,0.0,50603.6,9359.45,0.0,0.0,3325.32,0.0,0.0,0.0,0.0,2703.21,0.0,0.0,0.0,86498.2,94573.4,0.0,0.0,0.0,1054.73,2664.28,0.0,324.725,431.793,0.0,1265.35,1253.75,4209.62,0.0,0.0,698.945,109.553,0.0,0.0,0.0,0.0,6152.79,25164.1,0.0,719.862,0.0,0.0,0.0,4873.56,3918.65,0.0,819.06,4500.17,2315.74,0.0,8336.81,1949.59,6431.54,0.0,0.0,0.0,11756.6,0.0,0.0,0.0,0.0,0.0,4353.76,0.0,0.0,0.0,0.0,210.408,441.733,475.904,0.0,462.443,0.0,0.0,0.0,0.0,1225.17,602.646,0.0,0.0,561.641,0.0,1315.26,3243.73,0.0,36552.9,0.0,0.0,0.0,0.0,0.0,0.0,0.0,0.0,0.0,0.0,0.0,0.0,0.0,0.0,0,0.0,2946.75,0.0,12115.7,0.0,0.0,26.5081,0.0,63.5781,0.0,1470.79,3435.5,724.832,764.594,0.0,0.0,29204.7,0.0,0.0,238975.0,102.719,1496.47,2736.34,0.0,230755.0,11679.9,0.0,4037.32,26098.3,0.0,11805.2,16886.3,75005.6,0.0,2255.06,50661.6,0,0.0,16442.3,0.0,0.0,708.057,0.0,0.0,0.0,0.0,0.0,0.0,5059.54,1205.71,12355.7,0.0,1447.8,9892.09,36.4487,1803.18,296.353,16961.9,646.136,1394.37,0.0,0.0,80938.9,0.0,165.469,0.0,0.0,3045.95,0.0,3706.79,8163.68,5780.64,656.698,4358.93,1387.12,485.223,39589.1,212.686,0.0,0.0,0.0,0.0,0.0,18640.2,26957.3,0.0,0.0,0.0,0.0,0.0,0.0,0.0,0.0,0.0,0.0,0.0,0.0,0.0,0.0,260.111,0.0,148474.0,49170.7,152285.0,0.0,0.0,0.0,0.0,307155.0
SC16,295.166,0.0,0.0,0.0,0.0,0.0,6600.53,214.548,0.0,42.9096,12822.9,0.0,0.0,0.0,0.0,0.0,0.0,1227.99,0.0,0.0,0.0,0.0,0.0,0.0,0.0,0.0,0.0,55423.6,109.745,0.0,0.0,0.0,0.0,0.0,0.0,0.0,3551.87,0.0,0.0,0.0,215992.0,280876.0,0.0,100.903,164.097,0.0,2957.12,0.0,325.333,0.0,0.0,0.0,1850.05,4167.69,0.0,0.0,108493.0,0.0,0.0,0.0,0.0,0.0,2577.96,91.2804,0.0,0.0,0.0,0.0,0.0,5371.5,4401.48,0.0,674.591,822.564,3121.48,0.0,2603.7,240.034,4341.93,136.531,0.0,0.0,54416.4,0.0,0.0,2711.89,0.0,0.0,13622.4,0.0,0.0,0.0,0.0,0.0,92.0606,726.602,62.1539,0.0,0.0,0.0,0.0,0.0,0.0,0.0,0.0,0.0,0.0,0.0,1588.95,0.0,0.0,28409.5,0.0,0.0,0.0,0.0,0.0,0.0,0.0,1293.53,0.0,0.0,0.0,0.0,0.0,0.0,0,0.0,2787.56,0.0,8819.61,0.0,0.0,0.0,0.0,0.0,0.0,393.468,408.291,37.9685,896.68,409.592,0.0,18931.4,0.0,2219.34,632256.0,0.0,0.0,918.265,0.0,482774.0,63.4542,0.0,2793.02,13371.1,0.0,8136.7,4080.57,0.0,0.0,28.3463,23015.4,0,0.0,1384.29,0.0,0.0,0.0,0.0,0.0,0.0,0.0,0.0,0.0,1938.21,5082.06,9949.04,0.0,0.0,13352.7,0.0,0.0,0.0,20460.9,0.0,0.0,0.0,0.0,11461.0,0.0,0.0,0.0,0.0,1582.97,0.0,62.9341,545.602,2075.52,3533.67,2884.56,0.0,0.0,54597.4,419.214,0.0,0.0,0.0,0.0,0.0,20629.1,13728.7,0.0,0.0,0.0,0.0,0.0,0.0,0.0,0.0,0.0,0.0,0.0,0.0,0.0,0.0,0.0,0.0,44074.6,27349.3,30310.6,0.0,0.0,0.0,0.0,309092.0
SC18,5076.03,0.0,0.0,0.0,0.0,0.0,6794.42,77.6493,0.0,0.0,605.622,0.0,0.0,0.0,0.0,0.0,0.0,305.126,0.0,0.0,0.0,0.0,0.0,344.477,800.693,0.0,0.0,27245.2,2641.76,0.0,0.0,0.0,0.0,0.0,0.0,0.0,5904.5,0.0,0.0,0.0,1071.73,1103.71,0.0,0.0,0.0,0.0,917.693,0.0,47.768,0.0,0.0,0.0,0.0,3440.98,0.0,0.0,3385.85,0.0,0.0,0.0,0.0,0.0,2526.44,28503.2,79.3328,0.0,0.0,0.0,0.0,1913.67,3022.22,0.0,2991.29,945.259,655.916,0.0,2077.38,0.0,2051.92,0.0,0.0,0.0,6615.13,0.0,0.0,0.0,364.678,0.0,3116.07,0.0,0.0,0.0,0.0,0.0,0.0,0.0,0.0,0.0,0.0,0.0,0.0,0.0,0.0,0.0,435.804,0.0,0.0,0.0,186.232,0.0,0.0,37827.8,0.0,0.0,0.0,0.0,0.0,0.0,0.0,0.0,0.0,0.0,0.0,0.0,0.0,652.759,0,0.0,4565.53,0.0,2074.44,0.0,0.0,0.0,0.0,62.4982,0.0,1220.5,2016.78,6615.13,287.871,641.606,0.0,0.0,0.0,5153.68,795920.0,0.0,0.0,0.0,0.0,171983.0,0.0,0.0,30618.9,2038.45,0.0,3178.78,3262.53,109116.0,0.0,0.0,317118.0,0,0.0,12178.1,0.0,0.0,0.0,0.0,0.0,0.0,0.0,0.0,0.0,658.02,1179.47,2007.94,0.0,0.0,8160.12,0.0,676.327,0.0,0.0,0.0,559.117,0.0,0.0,48605.1,0.0,23.5684,0.0,350.158,0.0,0.0,0.0,0.0,3272.0,8094.04,3666.35,0.0,0.0,81371.8,0.0,0.0,0.0,0.0,0.0,0.0,42975.6,14764.9,0.0,0.0,0.0,0.0,0.0,0.0,0.0,0.0,0.0,0.0,0.0,0.0,0.0,0.0,0.0,0.0,101604.0,10578.4,20770.0,0.0,0.0,0.0,0.0,132542.0
SC20,3257.33,0.0,0.0,0.0,0.0,0.0,6583.04,0.0,0.0,1171.93,741.862,1005.34,0.0,36331.7,0.0,0.0,0.0,2096.49,0.0,0.0,0.0,0.0,0.0,8830.28,0.0,0.0,387.564,51735.0,23639.0,0.0,0.0,1370.47,0.0,0.0,0.0,0.0,6224.52,330.538,143.092,21069.7,0.0,93.1948,0.0,7855.82,1749.58,106.131,32410.7,1025.14,1411.12,0.0,511.119,899.739,856.97,6157.72,0.0,0.0,0.0,0.0,0.0,0.0,0.0,0.0,10305.3,27444.2,0.0,1590.65,0.0,27.7208,0.0,16824.2,46194.8,0.0,2995.96,4699.61,10625.3,0.0,10279.4,214.903,8352.95,36.6971,0.0,1313.97,69444.7,0.0,0.0,520.096,0.0,0.0,29140.9,0.0,0.0,0.0,0.0,0.0,0.0,3675.26,0.0,1551.05,0.0,0.0,0.0,0.0,1797.63,0.0,0.0,0.0,0.0,0.0,3109.49,75.7703,0.0,0.0,0.0,0.0,0.0,0.0,0.0,0.0,0.0,31315.6,0.0,0.0,0.0,90.5547,0.0,685.365,0,7742.56,0.0,0.0,9830.6,0.0,0.0,353.771,0.0,1360.7,0.0,37424.5,4161.03,6298.17,6222.93,0.0,0.0,241975.0,0.0,18909.3,25599.5,0.0,6115.75,245.791,0.0,672204.0,0.0,0.0,71071.2,71130.6,668.468,26934.9,5846.99,120445.0,0.0,1622.33,6380.02,0,0.0,1127.84,0.0,0.0,332.122,0.0,0.0,0.0,1303.41,0.0,0.0,3264.72,125.14,138655.0,0.0,0.0,13061.3,2265.19,65.474,1511.71,11556.2,0.0,2680.74,0.0,1694.93,32523.4,0.0,1002.97,0.0,0.0,13811.8,3571.76,1499.04,2971.67,16384.9,30478.9,7609.24,0.0,1037.02,5830.35,0.0,0.0,0.0,0.0,0.0,0.0,6585.15,23900.9,0.0,0.0,0.0,0.0,0.0,0.0,897.099,0.0,0.0,0.0,1636.32,0.0,0.0,941.189,634.675,58.8738,24383.0,6160.36,71064.6,0.0,0.0,0.0,0.0,351859.0
SC21,6482.35,0.0,0.0,0.0,0.0,0.0,45072.1,0.0,0.0,0.0,4826.69,284.566,0.0,0.0,0.0,0.0,0.0,239.342,0.0,374.247,0.0,0.0,0.0,19768.4,0.0,0.0,0.0,17022.4,6970.61,0.0,0.0,0.0,0.0,0.0,0.0,0.0,4738.16,0.0,0.0,2558.02,4734.52,7265.33,0.0,5080.02,0.0,121.683,2141.62,0.0,387.086,0.0,0.0,0.0,0.0,1664.47,176.871,0.0,0.0,0.0,0.0,0.0,0.0,0.0,3546.63,21679.3,0.0,0.0,187.219,0.0,0.0,2020.13,21793.3,0.0,2029.14,4602.49,6861.39,0.0,10120.0,3534.36,2837.8,194.693,0.0,0.0,133036.0,0.0,4441.91,0.0,0.0,0.0,19346.8,0.0,0.0,0.0,0.0,220.754,0.0,28751.5,0.0,0.0,0.0,0.0,0.0,0.0,3312.08,0.0,0.0,0.0,81.0581,0.0,3467.68,0.0,0.0,256.013,0.0,0.0,0.0,0.0,0.0,0.0,0.0,1626.34,0.0,0.0,0.0,462.97,0.0,0.0,0,350.102,4286.11,0.0,10718.1,66406.3,0.0,0.0,0.0,3938.89,0.0,2538.29,12468.2,18744.0,1596.63,0.0,0.0,95308.0,0.0,502.637,39698.3,0.0,90.6394,46.5653,130.689,200781.0,21.2706,0.0,13950.4,4789.71,0.0,5497.2,26095.7,102109.0,2810.01,0.0,4890.89,0,0.0,207.34,0.0,0.0,0.0,0.0,0.0,0.0,0.0,2119.58,0.0,3986.99,2318.49,24812.4,0.0,42.1579,958.134,0.0,3088.83,0.0,667.244,0.0,0.0,0.0,286.482,35578.4,0.0,2686.41,0.0,122.833,12648.7,0.0,1289.26,0.0,1343.49,13669.7,10239.6,0.0,0.0,2142.0,0.0,0.0,0.0,0.0,0.0,0.0,92.5557,72342.3,0.0,0.0,0.0,2513.95,0.0,0.0,0.0,0.0,813.072,0.0,885.124,0.0,0.0,155.218,587.527,0.0,48740.1,24173.5,83450.9,0.0,0.0,0.0,0.0,538019.0
SC22,2078.76,0.0,0.0,0.0,0.0,0.0,21.8643,0.0,0.0,459.356,2594.43,0.0,0.0,0.0,0.0,0.0,0.0,24.1332,0.0,0.0,351.066,629.939,42.491,35.8904,769.788,0.0,0.0,32380.2,4228.47,0.0,0.0,69.5119,0.0,0.0,0.0,0.0,7426.23,103.133,0.0,605.6,88092.7,102206.0,0.0,579.197,0.0,200.285,8216.02,0.0,71.9871,0.0,0.0,275.16,1543.7,9785.92,856.626,0.0,0.0,810.216,0.0,0.0,0.0,0.0,0.0,14488.2,0.0,0.0,0.0,0.0,0.0,1630.54,5127.59,0.0,3283.36,535.263,583.323,162.745,4271.79,1547.0,6634.99,199.254,0.0,0.0,51050.0,0.0,0.0,90.3449,301.562,0.0,0.0,0.0,0.0,0.0,0.0,0.0,0.0,0.0,0.0,0.0,0.0,0.0,0.0,0.0,264.228,0.0,0.0,0.0,0.0,0.0,1794.52,1080.43,0.0,17678.3,630.145,0.0,0.0,0.0,0.0,0.0,0.0,3817.18,0.0,194.922,0.0,1585.57,0.0,1701.29,0,52.1855,5603.86,0.0,1602.69,0.0,0.0,0.0,0.0,0.0,0.0,27.021,4229.71,8928.68,1970.26,0.0,0.0,45139.7,0.0,6672.12,30353.2,0.0,285.061,5697.3,0.0,639592.0,308.575,0.0,9414.02,11710.0,0.0,15306.2,44140.3,193843.0,5547.96,2196.74,226454.0,0,0.0,13722.5,0.0,0.0,0.0,0.0,0.0,0.0,0.0,1388.8,0.0,26.6084,0.0,1907.14,0.0,0.0,10900.8,0.0,9137.42,143.149,22425.7,324.252,30.5275,0.0,0.0,62035.6,0.0,0.0,0.0,0.0,2576.89,8536.77,1050.1,0.0,6331.36,11150.0,3839.04,0.0,52.8043,7975.52,0.0,0.0,0.0,0.0,0.0,0.0,2384.03,4862.74,0.0,0.0,0.0,0.0,0.0,0.0,0.0,0.0,0.0,0.0,0.0,0.0,0.0,0.0,0.0,0.0,30538.2,77235.0,29592.5,0.0,0.0,0.0,0.0,90954.2
SC25,2426.91,0.0,0.0,0.0,0.0,0.0,4219.73,0.0,0.0,0.0,5098.56,0.0,0.0,0.0,0.0,0.0,0.0,97.4382,0.0,0.0,0.0,0.0,224.971,0.0,0.0,0.0,0.0,28922.7,0.0,0.0,0.0,0.0,0.0,0.0,0.0,0.0,4247.51,0.0,0.0,0.0,620.827,1636.25,0.0,239.702,0.0,0.0,3254.18,0.0,0.0,0.0,0.0,25.0435,0.0,0.0,0.0,0.0,0.0,0.0,0.0,0.0,0.0,0.0,674.07,9241.48,0.0,0.0,0.0,0.0,0.0,2523.29,9817.9,0.0,1332.99,858.635,1040.67,0.0,2413.23,3897.32,2078.19,0.0,0.0,0.0,17598.6,0.0,0.0,1671.18,0.0,0.0,3772.94,0.0,0.0,0.0,0.0,0.0,0.0,0.0,688.381,0.0,0.0,0.0,0.0,0.0,0.0,0.0,0.0,0.0,155.101,0.0,761.407,1374.24,0.0,51278.8,0.0,0.0,0.0,0.0,0.0,0.0,0.0,5653.73,0.0,0.0,0.0,966.385,0.0,0.0,0,154.049,1524.5,0.0,3027.95,0.0,0.0,0.0,0.0,61.6618,0.0,2208.25,861.16,2929.46,0.0,0.0,0.0,25175.5,0.0,610.515,1010000.0,0.0,0.0,0.0,0.0,91062.6,0.0,0.0,20707.2,3735.27,0.0,862.423,8911.07,112685.0,0.0,0.0,105053.0,0,59372.7,869.789,0.0,0.0,0.0,0.0,0.0,0.0,0.0,0.0,0.0,685.014,1223.77,6038.43,0.0,0.0,2421.86,0.0,2237.71,0.0,0.0,0.0,0.0,0.0,0.0,60840.8,0.0,607.568,0.0,0.0,526.335,0.0,0.0,3785.57,1186.94,11420.9,4443.65,0.0,0.0,13926.3,0.0,0.0,0.0,0.0,0.0,490.558,6334.33,5698.56,0.0,0.0,0.0,0.0,310.834,0.0,0.0,0.0,0.0,0.0,0.0,0.0,0.0,0.0,0.0,0.0,78799.1,27089.5,13903.4,0.0,0.0,0.0,0.0,235340.0
SC26,4033.63,0.0,0.0,0.0,0.0,0.0,190.428,0.0,0.0,0.0,1908.22,0.0,0.0,0.0,0.0,0.0,0.0,314.129,0.0,0.0,0.0,0.0,0.0,1585.63,0.0,0.0,0.0,10536.1,1178.43,0.0,0.0,195.907,0.0,0.0,172.376,0.0,640.668,0.0,0.0,0.0,19848.5,19997.6,0.0,0.0,0.0,0.0,1713.93,0.0,164.156,0.0,0.0,0.0,331.455,242.809,0.0,0.0,0.0,0.0,98.8805,162.464,0.0,939.324,3425.52,1764.3,196.875,0.0,1265.06,0.0,0.0,3165.55,1763.57,0.0,1956.33,4400.63,1365.79,0.0,4558.66,2642.53,3836.68,0.0,10503.8,0.0,23622.0,0.0,0.0,0.0,0.0,0.0,13213.7,0.0,0.0,0.0,0.0,0.0,0.0,0.0,0.0,0.0,0.0,0.0,0.0,0.0,205.175,0.0,0.0,0.0,0.0,0.0,2259.34,0.0,0.0,4760.85,0.0,0.0,0.0,0.0,0.0,0.0,0.0,444.841,0.0,0.0,517.773,83.4078,0.0,5037.67,0,0.0,14443.0,0.0,8852.75,0.0,0.0,0.0,0.0,1392.55,0.0,2661.39,0.0,0.0,149.57,1529.06,0.0,0.0,0.0,1013.38,124080.0,0.0,0.0,321.059,0.0,62859.7,125.313,0.0,10854.4,6345.03,0.0,1613.11,395.603,10577.0,0.0,0.0,13745.4,0,0.0,2458.31,0.0,0.0,0.0,0.0,0.0,0.0,0.0,0.0,0.0,5740.07,11833.7,26988.4,0.0,0.0,2390.06,0.0,0.0,0.0,422.196,0.0,0.0,0.0,0.0,8541.36,0.0,0.0,0.0,0.0,0.0,0.0,554.601,4522.07,2814.91,1109.44,12012.2,295.997,456.204,18678.3,0.0,0.0,0.0,0.0,0.0,0.0,5634.17,60566.2,0.0,0.0,0.0,0.0,591.752,0.0,395.925,0.0,0.0,0.0,209.527,155.372,0.0,0.0,0.0,0.0,12113.9,12729.1,13703.5,0.0,0.0,0.0,0.0,180195.0
SC27,4167.85,0.0,0.0,0.0,1022.42,0.0,0.0,0.0,0.0,0.0,3194.27,0.0,0.0,0.0,0.0,0.0,0.0,0.0,0.0,0.0,1969.95,0.0,1763.29,44488.5,0.0,0.0,0.0,39222.7,9498.36,0.0,0.0,0.0,0.0,0.0,0.0,0.0,4887.03,0.0,0.0,1112.59,50256.1,50410.3,0.0,703.896,0.0,0.0,5433.23,0.0,2105.96,0.0,0.0,75.9825,1140.42,11019.5,0.0,0.0,0.0,0.0,0.0,0.0,0.0,0.0,5536.49,15666.0,0.0,0.0,519.601,0.0,0.0,3118.69,8986.81,0.0,8679.88,14709.8,2624.06,0.0,20309.3,12187.2,3197.27,3500.65,1802.71,0.0,48305.4,0.0,0.0,5450.55,0.0,0.0,8817.93,0.0,0.0,0.0,0.0,0.0,0.0,2657.75,0.0,555.205,0.0,0.0,0.0,0.0,1248.05,347.446,0.0,0.0,0.0,0.0,3389.75,442.527,0.0,5275.81,0.0,0.0,0.0,0.0,0.0,0.0,696.802,6225.66,761.326,0.0,125.91,975.359,0.0,1823.31,0,395.873,5891.44,0.0,3656.71,0.0,0.0,249.092,0.0,418.518,0.0,14014.9,5767.31,6710.61,4338.37,0.0,0.0,135798.0,0.0,6843.48,28551.0,0.0,1338.08,3334.77,941.665,196683.0,0.0,0.0,8069.97,38665.8,0.0,11362.5,6572.15,58829.7,0.0,451.666,39534.9,0,0.0,5584.1,0.0,0.0,0.0,0.0,0.0,0.0,0.0,708.397,0.0,2650.93,5425.59,17144.0,0.0,0.0,1053.12,0.0,722.857,185.523,4912.81,0.0,1491.0,0.0,0.0,49857.1,0.0,0.0,0.0,0.0,13630.9,0.0,1986.46,0.0,15195.3,4228.29,22679.5,0.0,501.73,14274.8,0.0,0.0,0.0,0.0,0.0,0.0,14437.4,64127.1,0.0,0.0,0.0,0.0,909.744,0.0,0.0,0.0,0.0,0.0,124.955,0.0,0.0,0.0,80.6206,0.0,10370.7,4350.24,11235.7,0.0,0.0,0.0,0.0,90150.4
SC31,5248.56,0.0,0.0,0.0,513.204,0.0,194.011,282.564,0.0,290.413,3829.91,0.0,0.0,0.0,0.0,0.0,0.0,0.0,0.0,0.0,38.6412,46.0877,14114.3,8633.09,0.0,0.0,0.0,58649.9,0.0,0.0,0.0,264.25,0.0,0.0,0.0,0.0,1630.58,0.0,0.0,0.0,16560.6,18147.7,0.0,455.846,0.0,0.0,2440.43,0.0,0.0,0.0,312.954,123.169,0.0,0.0,0.0,0.0,0.0,0.0,0.0,0.0,0.0,0.0,0.0,26963.1,0.0,0.0,0.0,0.0,0.0,5877.29,16106.1,0.0,7762.66,1465.95,808.044,0.0,7559.79,22521.0,2934.32,645.026,663.542,0.0,34905.5,0.0,0.0,3929.53,0.0,0.0,0.0,181.131,0.0,0.0,0.0,225.81,0.0,766.585,0.0,400.5,0.0,0.0,0.0,0.0,4162.58,0.0,3835.34,104.251,0.0,0.0,107.873,1318.63,0.0,11143.0,0.0,0.0,0.0,0.0,0.0,0.0,0.0,3536.68,496.499,0.0,0.0,983.338,0.0,1458.71,0,0.0,5927.0,0.0,3711.77,0.0,0.0,0.0,0.0,0.0,0.0,0.0,1855.38,7411.87,2864.28,0.0,0.0,139682.0,0.0,0.0,137666.0,0.0,0.0,830.182,0.0,590242.0,0.0,0.0,22212.1,0.0,0.0,0.0,6759.8,148907.0,0.0,0.0,77380.6,0,0.0,446.99,0.0,4605.35,0.0,0.0,0.0,0.0,0.0,0.0,295.646,1432.34,531.518,4315.14,0.0,1200.09,4467.89,0.0,0.0,0.0,3041.99,0.0,0.0,0.0,0.0,162695.0,0.0,496.298,0.0,0.0,1439.79,0.0,0.0,0.0,4578.58,19454.6,18744.4,0.0,0.0,2722.8,753.101,0.0,0.0,0.0,0.0,0.0,1617.9,29031.0,0.0,0.0,0.0,0.0,469.732,0.0,0.0,0.0,0.0,0.0,0.0,0.0,0.0,0.0,0.0,0.0,29147.7,69540.7,34453.7,0.0,0.0,0.0,0.0,138757.0
SC32,825.041,0.0,0.0,0.0,469.956,0.0,1982.99,104.708,0.0,0.0,3170.82,147.516,0.0,0.0,0.0,0.0,0.0,171.075,0.0,0.0,38.6497,187.551,2729.04,398.662,0.0,0.0,0.0,36548.9,2012.71,0.0,0.0,43.8852,0.0,0.0,0.0,0.0,3709.14,0.0,0.0,0.0,16942.4,17959.0,0.0,0.0,0.0,0.0,1856.88,0.0,361.398,0.0,0.0,0.0,715.713,2793.56,0.0,0.0,0.0,0.0,0.0,0.0,0.0,0.0,3106.3,52696.4,0.0,0.0,213.112,0.0,0.0,4173.86,9952.23,0.0,2901.5,2841.45,402.05,370.945,2855.31,6404.46,3611.36,476.423,389.885,0.0,31943.5,0.0,0.0,266.699,1252.5,0.0,3705.6,0.0,0.0,0.0,0.0,0.0,0.0,423.761,0.0,0.0,0.0,2191.18,0.0,174.463,0.0,0.0,578.514,0.0,0.0,0.0,777.46,0.0,506.604,8704.35,0.0,0.0,0.0,2248.31,0.0,0.0,0.0,303.193,0.0,0.0,0.0,648.114,0.0,0.0,0,0.0,4653.06,0.0,6695.33,0.0,0.0,0.0,24.0213,3397.33,0.0,26084.9,2153.76,4765.93,1180.13,0.0,0.0,78968.8,0.0,1850.11,71463.8,1175.04,0.0,274.09,0.0,509102.0,0.0,0.0,10863.7,4064.07,0.0,2199.03,2263.09,168414.0,0.0,0.0,25303.1,53984,0.0,5054.65,0.0,0.0,0.0,0.0,0.0,0.0,0.0,0.0,0.0,1604.5,5722.01,14080.7,0.0,0.0,3677.88,0.0,500.445,0.0,726.954,0.0,0.0,0.0,0.0,47486.7,0.0,771.301,0.0,0.0,161.99,0.0,447.783,505.372,4691.25,4773.17,13663.2,407.747,0.0,17478.0,0.0,0.0,0.0,0.0,0.0,0.0,2810.65,14346.1,0.0,0.0,0.0,0.0,197.714,0.0,103.631,0.0,0.0,0.0,0.0,0.0,0.0,0.0,0.0,0.0,13259.0,10526.4,61140.6,0.0,0.0,0.0,0.0,66529.1
SC34,2452.7,0.0,0.0,0.0,0.0,0.0,2289.1,0.0,0.0,0.0,4403.39,0.0,0.0,0.0,0.0,0.0,0.0,0.0,0.0,0.0,0.0,0.0,509.935,2363.64,0.0,0.0,0.0,33941.4,3297.76,0.0,0.0,0.0,0.0,0.0,0.0,0.0,3141.85,0.0,0.0,0.0,986.006,2003.02,0.0,0.0,0.0,0.0,1132.24,0.0,260.355,0.0,0.0,0.0,384.375,1740.9,0.0,0.0,0.0,0.0,0.0,0.0,0.0,0.0,4072.0,8270.01,0.0,0.0,0.0,0.0,0.0,2587.5,5136.51,0.0,3119.2,6410.36,183.832,0.0,7552.49,23650.5,0.0,2184.43,960.499,0.0,23531.6,0.0,960.499,0.0,0.0,0.0,0.0,0.0,0.0,0.0,0.0,0.0,0.0,0.0,0.0,0.0,0.0,0.0,0.0,0.0,0.0,0.0,0.0,0.0,0.0,0.0,89.9368,0.0,0.0,14321.3,0.0,0.0,0.0,0.0,0.0,0.0,0.0,0.0,0.0,0.0,0.0,0.0,0.0,747.421,0,0.0,3900.27,0.0,4340.5,0.0,19918.0,0.0,0.0,446.166,0.0,4424.94,1310.57,4090.04,4598.21,0.0,0.0,71058.2,0.0,4420.32,614071.0,0.0,0.0,0.0,0.0,696850.0,0.0,0.0,114344.0,214.397,0.0,4298.06,6648.73,119789.0,0.0,0.0,61615.1,0,0.0,5398.85,0.0,0.0,0.0,0.0,0.0,0.0,0.0,0.0,82.4604,0.0,0.0,598.772,0.0,338.417,4241.1,0.0,423.077,0.0,0.0,0.0,0.0,0.0,0.0,24055.8,0.0,0.0,0.0,0.0,127.759,602.95,0.0,458.04,5621.82,31717.6,11773.6,0.0,0.0,17464.0,169.539,0.0,0.0,0.0,0.0,0.0,5022.83,33354.7,0.0,0.0,0.0,0.0,0.0,0.0,0.0,0.0,0.0,0.0,0.0,0.0,0.0,0.0,0.0,0.0,17661.7,7342.93,42753.0,0.0,0.0,0.0,11038.3,74561.6
SC36,11966.8,0.0,0.0,0.0,0.0,0.0,1264.69,826.321,544.37,481.77,4658.95,5241.72,0.0,0.0,0.0,0.0,0.0,2977.09,0.0,0.0,1300.75,1081.06,1696.38,12502.8,0.0,0.0,0.0,42384.4,24409.4,0.0,0.0,958.7,424.679,0.0,0.0,0.0,2902.98,102.497,0.0,1354.0,23508.4,25652.2,2554.25,1731.44,249.9,141.059,7578.12,0.0,666.733,0.0,185.964,5183.46,7924.67,18299.8,372.262,0.0,0.0,0.0,0.0,0.0,0.0,0.0,2107.87,17531.0,0.0,0.0,0.0,0.0,0.0,11586.7,35167.4,0.0,5385.95,9834.73,2730.53,1029.31,9814.36,15392.1,9886.81,857.872,583.6,0.0,34152.1,0.0,0.0,4458.63,62.6001,0.0,13814.3,0.0,903.278,0.0,57.5921,0.0,549.545,3096.45,389.122,30.3819,0.0,0.0,0.0,0.0,14351.8,304.153,0.0,309.996,0.0,0.0,6634.11,511.151,0.0,22822.7,624.999,0.0,0.0,0.0,0.0,0.0,0.0,2782.12,237.88,0.0,1688.53,782.084,0.0,12801.0,0,616.82,59398.1,53.4188,27854.0,0.0,0.0,1408.59,0.0,119.858,0.0,2699.98,1673.18,5775.74,2052.11,0.0,0.0,75509.1,0.0,17550.7,88119.2,0.0,150.24,4023.93,0.0,132488.0,4621.56,0.0,9190.2,38103.1,0.0,10951.8,7245.75,26834.7,1256.51,0.0,13789.7,0,0.0,11440.8,0.0,0.0,1271.2,0.0,0.0,0.0,0.0,0.0,0.0,19777.1,9916.52,69080.5,0.0,1908.55,9004.4,0.0,1111.44,49.7462,4120.59,1499.06,4763.45,163.428,442.541,26520.6,0.0,4894.66,0.0,0.0,2868.59,3595.92,1547.98,4073.68,4308.89,3768.36,32105.3,0.0,331.864,35127.3,680.254,0.0,0.0,0.0,0.0,0.0,9890.15,85271.2,0.0,0.0,0.0,0.0,0.0,0.0,0.0,0.0,0.0,0.0,0.0,715.144,103.499,0.0,560.897,0.0,9130.43,9036.62,24174.7,0.0,0.0,0.0,0.0,262193.0
SC37,1699.68,0.0,0.0,0.0,0.0,0.0,1647.04,0.0,0.0,0.0,2740.97,0.0,0.0,0.0,0.0,0.0,0.0,0.0,0.0,0.0,0.0,0.0,0.0,7396.69,0.0,0.0,744.774,17892.2,11277.2,0.0,406.57,528.373,0.0,0.0,289.271,0.0,6417.49,0.0,0.0,0.0,6616.85,9537.47,0.0,0.0,0.0,26.9398,6024.79,0.0,0.0,0.0,0.0,24.3783,204.654,8043.42,0.0,0.0,0.0,0.0,0.0,0.0,0.0,0.0,1073.35,5672.81,0.0,0.0,1798.07,0.0,0.0,3940.71,510.354,0.0,332.905,32.0627,0.0,343.857,3397.41,2340.84,287.416,933.264,707.765,0.0,11715.0,122.333,0.0,332.905,3242.22,0.0,4272.21,0.0,0.0,0.0,0.0,0.0,0.0,0.0,0.0,0.0,0.0,0.0,0.0,0.0,884.861,0.0,0.0,0.0,0.0,0.0,1459.25,443.755,0.0,11420.1,0.0,0.0,0.0,0.0,0.0,0.0,0.0,0.0,0.0,0.0,0.0,436.336,0.0,266.13,0,0.0,5813.69,0.0,979.283,0.0,0.0,0.0,0.0,147.683,0.0,1906.45,287.946,394.999,383.075,830.363,0.0,0.0,0.0,6324.31,233629.0,0.0,0.0,1310.07,0.0,29894.4,0.0,554.694,3332.05,8607.83,2292.97,16821.5,10071.0,26404.7,288.211,0.0,158824.0,0,0.0,6305.23,0.0,0.0,0.0,0.0,0.0,0.0,0.0,0.0,0.0,0.0,693.103,887.334,67.2169,0.0,2190.25,0.0,976.721,0.0,4793.51,174.799,1605.26,0.0,0.0,31682.0,0.0,275.492,0.0,0.0,0.0,0.0,0.0,1884.46,962.5,2099.45,2627.64,0.0,0.0,13133.2,0.0,0.0,40551.2,0.0,0.0,0.0,7831.35,7446.77,0.0,0.0,0.0,0.0,0.0,0.0,430.948,0.0,0.0,0.0,474.052,261.183,555.312,390.847,889.631,0.0,9454.27,13430.6,29498.2,0.0,0.0,0.0,0.0,50772.0
SC38,1597.12,0.0,0.0,0.0,509.463,0.0,2602.58,258.911,0.0,0.0,6851.04,0.0,0.0,0.0,0.0,0.0,0.0,496.924,0.0,207.826,118.426,774.644,593.522,13647.1,0.0,0.0,0.0,19664.9,104.958,0.0,0.0,0.0,0.0,0.0,0.0,0.0,13075.6,241.263,0.0,341.809,25194.0,22701.3,1800.54,1822.36,1520.03,496.924,13712.8,279.113,577.732,0.0,0.0,2681.76,0.0,420.295,1142.69,0.0,0.0,0.0,0.0,0.0,0.0,0.0,3978.41,5467.55,0.0,2507.61,0.0,0.0,0.0,15344.5,34090.6,0.0,5302.45,5195.41,13194.9,0.0,3689.54,2317.43,11498.9,893.301,10193.4,0.0,207259.0,0.0,0.0,8312.79,0.0,0.0,21879.0,0.0,0.0,0.0,0.0,2122.61,91.7219,2828.98,689.191,0.0,0.0,0.0,0.0,0.0,2437.25,1516.55,0.0,0.0,412.168,0.0,6411.01,3399.05,0.0,38742.2,0.0,0.0,962.499,0.0,0.0,0.0,0.0,35918.3,0.0,0.0,437.711,1181.24,0.0,1393.24,0,1140.14,13034.5,0.0,48633.7,0.0,0.0,76.3962,0.0,4667.13,0.0,15504.9,520.144,1380.7,0.0,8531.06,0.0,93617.9,0.0,0.0,109268.0,0.0,2588.88,437.014,0.0,237992.0,0.0,0.0,18726.8,8044.59,0.0,3587.14,4114.02,78727.1,0.0,0.0,46677.8,0,0.0,4496.0,0.0,0.0,0.0,0.0,0.0,0.0,0.0,0.0,0.0,1449.44,6001.63,336443.0,0.0,74.5385,259.143,258.911,1027.52,0.0,3972.37,165.564,0.0,0.0,1186.11,15539.3,0.0,2193.89,0.0,0.0,1616.16,0.0,1886.22,583.769,19361.0,10333.0,17862.5,0.0,261.233,100044.0,1014.75,0.0,0.0,0.0,0.0,0.0,29544.4,19105.1,0.0,0.0,20083.6,0.0,0.0,0.0,0.0,0.0,0.0,0.0,0.0,0.0,0.0,391.037,184.14,0.0,58856.7,20877.8,18103.8,0.0,0.0,0.0,0.0,330145.0
SC39,53451.3,0.0,0.0,0.0,0.0,608.981,6470.69,0.0,648.807,3202.04,2406.23,1634.33,22362.8,0.0,55883.6,0.0,41236.9,3491.68,0.0,71.6874,934.109,0.0,371.471,17029.7,0.0,0.0,3822.6,158318.0,44422.3,0.0,0.0,0.0,0.0,0.0,750.183,0.0,33410.0,1084.0,0.0,444.607,10015.2,13161.5,160.754,1551.78,0.0,1493.85,13102.9,0.0,3136.14,0.0,254.164,314.99,7166.57,49081.3,1184.65,0.0,0.0,404.056,0.0,0.0,0.0,0.0,48467.9,24118.1,16768.3,0.0,7130.36,0.0,0.0,29394.0,1732.81,0.0,30704.7,33469.3,3281.69,0.0,66367.3,57452.7,0.0,8530.8,5282.42,0.0,155294.0,81.1009,0.0,0.0,65.1704,0.0,14031.2,0.0,467.778,0.0,220.131,0.0,726.288,290.37,1252.72,215.062,0.0,0.0,0.0,0.0,5254.9,464.882,1785.67,2177.41,734.977,0.0,6315.73,3086.9,130.341,127639.0,0.0,0.0,0.0,0.0,0.0,658.221,0.0,3283.14,1264.31,0.0,233.165,1247.65,0.0,6157.15,0,0.0,29843.7,0.0,33161.6,0.0,0.0,0.0,1201.31,10152.1,0.0,85392.7,0.0,0.0,25727.8,16492.4,1561.92,32260.8,987.693,16391.8,3240000.0,3669.82,807.388,10227.4,0.0,308522.0,1017.38,0.0,5162.94,69031.4,10420.7,92238.5,46822.7,95860.5,0.0,915.282,219894.0,0,0.0,13043.5,0.0,0.0,0.0,0.0,0.0,0.0,0.0,0.0,0.0,2953.67,9649.56,13291.1,0.0,0.0,36727.1,816.802,2040.56,586.533,5827.68,94.8591,5291.11,0.0,325.128,84806.2,0.0,1290.37,0.0,2589.44,0.0,232.441,4696.61,5215.08,6939.2,142559.0,26096.4,4329.48,0.0,99269.7,3158.59,0.0,0.0,0.0,0.0,0.0,23151.4,111075.0,1865.32,0.0,0.0,0.0,2349.03,833.457,1351.92,0.0,0.0,2268.65,3460.55,1809.56,227.372,834.181,1538.74,30.4128,180105.0,41565.7,232068.0,0.0,0.0,0.0,33837.2,547547.0
SC40,8039.69,0.0,0.0,0.0,0.0,0.0,1357.05,705.027,0.0,0.0,4807.21,0.0,153287.0,0.0,0.0,0.0,0.0,236.819,0.0,0.0,0.0,0.0,1457.88,4828.16,1462.02,0.0,0.0,109660.0,5123.92,0.0,0.0,0.0,0.0,0.0,0.0,0.0,2208.93,0.0,0.0,0.0,34843.9,37465.5,0.0,34.1267,0.0,0.0,4815.23,0.0,0.0,0.0,0.0,0.0,0.0,6520.79,868.939,0.0,2044.76,0.0,0.0,0.0,0.0,0.0,11447.7,47431.5,0.0,0.0,0.0,0.0,0.0,11227.4,8883.03,0.0,3835.38,9332.63,1345.94,0.0,12428.1,3571.41,5395.64,555.852,22794.6,0.0,22442.7,0.0,0.0,0.0,0.0,0.0,0.0,0.0,0.0,0.0,0.0,0.0,148.4,219.238,1300.95,0.0,0.0,0.0,0.0,0.0,1304.83,0.0,499.75,0.0,0.0,0.0,2926.63,220.531,0.0,61796.8,0.0,3856.32,0.0,0.0,0.0,0.0,0.0,0.0,0.0,0.0,0.0,54.034,0.0,0.0,0,0.0,5176.4,0.0,18755.7,0.0,0.0,0.0,0.0,4527.74,103669.0,0.0,6725.03,10500.9,4837.2,0.0,0.0,0.0,0.0,8897.77,538977.0,0.0,0.0,24.3024,0.0,206642.0,191.834,0.0,3032.88,11798.8,0.0,26753.3,8765.4,163523.0,0.0,423.223,89400.6,0,0.0,9689.4,0.0,0.0,0.0,0.0,0.0,0.0,0.0,0.0,0.0,9778.6,6922.55,8213.94,0.0,0.0,3121.56,0.0,199.59,0.0,3613.81,0.0,0.0,0.0,0.0,88093.7,0.0,2084.83,0.0,0.0,0.0,4002.39,156.673,4344.95,2875.95,77587.6,45750.8,0.0,0.0,59755.1,0.0,0.0,0.0,0.0,0.0,0.0,2654.13,46444.9,0.0,0.0,0.0,0.0,0.0,0.0,0.0,0.0,0.0,0.0,0.0,0.0,0.0,0.0,0.0,0.0,26987.5,15687.4,89671.8,0.0,0.0,0.0,0.0,242751.0
SC17,16911.3,0.0,0.0,0.0,0.0,258.265,9539.1,2096.34,419.452,1240.27,2783.91,0.0,0.0,0.0,0.0,0.0,0.0,774.796,0.0,0.0,615.669,375.263,0.0,2472.29,7274.24,0.0,0.0,41844.7,1991.02,0.0,0.0,459.291,0.0,0.0,0.0,0.0,1981.18,235.598,0.0,1034.21,57351.8,70387.6,3050.19,0.0,388.772,1148.0,8887.71,0.0,2984.02,0.0,156.379,704.734,517.446,7894.03,698.781,0.0,0.0,0.0,0.0,0.0,0.0,0.0,0.0,55023.8,0.0,29.3067,0.0,0.0,0.0,10770.9,20439.6,0.0,7570.51,26648.7,1147.08,0.0,12290.5,14354.6,6616.67,1303.0,699.468,0.0,25818.7,2226.39,0.0,2118.32,0.0,0.0,6129.22,1603.4,0.0,0.0,0.0,481.5,1168.83,1584.16,0.0,1421.37,0.0,0.0,0.0,0.0,910.11,941.019,3730.42,1894.17,611.09,0.0,2127.48,891.335,0.0,4897.19,0.0,0.0,0.0,0.0,0.0,0.0,0.0,337.714,274.292,0.0,1422.75,1992.4,0.0,970.097,0,311.384,11880.2,0.0,3378.74,0.0,0.0,178.588,0.0,0.0,0.0,0.0,16973.8,22229.8,7083.52,0.0,0.0,525634.0,0.0,0.0,71128.5,0.0,604.45,4042.72,0.0,446764.0,15715.9,0.0,29001.9,5345.49,0.0,4393.48,3792.01,165534.0,0.0,3769.34,30567.8,0,0.0,1337.35,0.0,0.0,1200.66,0.0,0.0,0.0,0.0,0.0,0.0,3117.96,9587.87,14157.4,0.0,0.0,0.0,1090.07,354.428,185.914,20522.5,47.8523,0.0,0.0,0.0,65524.9,0.0,70.0613,0.0,0.0,6765.95,197.133,3939.46,3884.05,5781.43,65837.9,5689.16,0.0,760.371,7814.58,0.0,0.0,0.0,0.0,0.0,0.0,5859.28,13362.0,0.0,0.0,0.0,0.0,517.217,0.0,0.0,1005.36,0.0,0.0,0.0,0.0,0.0,0.0,0.0,0.0,17505.9,7833.13,45622.0,0.0,0.0,0.0,0.0,130607.0
SC19,23361.4,0.0,0.0,0.0,1021.63,0.0,4472.68,441.482,0.0,0.0,4242.75,341.275,0.0,0.0,0.0,0.0,0.0,342.962,0.0,0.0,1933.61,0.0,85.5297,6143.13,0.0,0.0,0.0,27655.8,9345.35,0.0,0.0,734.678,242.25,0.0,0.0,0.0,7380.52,0.0,0.0,748.512,120995.0,148929.0,0.0,5453.66,2242.33,531.735,25985.0,453.628,3472.3,0.0,0.0,527.518,0.0,3611.48,982.327,0.0,0.0,804.519,0.0,0.0,0.0,0.0,4591.61,15991.9,0.0,0.0,0.0,0.0,0.0,18431.7,27740.5,0.0,7318.61,68959.7,2966.21,0.0,16080.3,22349.7,0.0,475.559,0.0,0.0,54738.5,164.818,0.0,1807.26,0.0,0.0,0.0,0.0,0.0,87.8915,0.0,869.131,0.0,3567.11,90.422,305.343,0.0,0.0,0.0,0.0,10819.3,313.946,1821.43,51.7902,0.0,0.0,3229.04,1303.19,0.0,6675.2,0.0,0.0,0.0,410.61,0.0,0.0,823.751,5990.46,354.771,0.0,838.765,1819.24,0.0,12434.5,0,2878.32,26089.4,0.0,25854.8,0.0,9306.38,0.0,0.0,136.983,0.0,10090.8,3128.16,6508.69,2651.42,1892.45,0.0,143749.0,0.0,5114.41,29689.3,0.0,691.154,801.82,0.0,100237.0,344.649,0.0,11169.5,25840.8,249.335,9800.66,4530.88,78959.1,0.0,1416.22,11910.6,0,0.0,2830.92,0.0,0.0,0.0,0.0,0.0,0.0,0.0,0.0,28.0038,6809.82,4436.41,9378.07,0.0,0.0,23641.5,0.0,376.365,0.0,4375.01,0.0,231.453,0.0,876.553,23065.9,0.0,697.396,0.0,142.887,4703.29,4473.53,1696.93,3504.36,7583.3,13535.6,10547.0,0.0,1697.94,7970.97,234.827,0.0,0.0,12253.9,198.22,0.0,2276.24,83371.2,0.0,0.0,0.0,0.0,633.797,0.0,0.0,0.0,0.0,0.0,641.22,780.733,0.0,54.8268,0.0,0.0,22381.0,8745.46,63258.6,0.0,0.0,0.0,0.0,143050.0
SC23,13700.9,0.0,0.0,0.0,1864.62,0.0,566.257,107.152,0.0,169.188,2876.61,0.0,0.0,0.0,0.0,0.0,0.0,162.295,0.0,330.021,6715.5,0.0,0.0,20236.3,0.0,0.0,0.0,15423.2,2309.31,0.0,0.0,3816.96,0.0,0.0,2520.69,0.0,2870.97,0.0,144.332,3889.23,215510.0,252957.0,101.095,1019.51,230.597,2699.28,14425.5,246.262,2515.05,705.785,0.0,829.229,0.0,4837.52,342.971,0.0,0.0,400.411,0.0,0.0,0.0,0.0,5772.65,8848.94,0.0,408.766,0.0,0.0,0.0,17852.5,13314.0,0.0,10214.4,36431.6,6849.18,0.0,13534.8,20534.4,10433.5,1024.32,1251.99,0.0,59052.4,0.0,72.897,4103.33,0.0,0.0,24967.1,859.516,0.0,0.0,0.0,367.409,0.0,2733.95,58.9024,1074.03,0.0,0.0,0.0,0.0,2141.38,744.427,0.0,2574.37,510.279,0.0,8359.76,545.996,0.0,11441.9,0.0,0.0,0.0,0.0,0.0,0.0,0.0,5471.87,163.131,0.0,657.326,514.248,0.0,3255.51,0,1679.35,41937.3,0.0,7243.75,0.0,0.0,99.424,0.0,556.022,0.0,9499.38,1898.25,3812.58,9478.7,12123.5,0.0,72660.1,0.0,0.0,30831.0,0.0,5438.87,3296.45,1383.16,281959.0,4697.99,0.0,18298.8,22347.2,0.0,7295.13,5034.49,36907.0,0.0,5949.15,17257.4,0,0.0,0.0,0.0,0.0,855.339,0.0,0.0,0.0,0.0,705.576,0.0,17721.9,7186.1,128948.0,0.0,0.0,5439.29,287.619,347.357,2404.35,13265.4,630.173,0.0,162.295,0.0,19731.5,0.0,379.524,0.0,128.249,8065.04,0.0,6281.05,1706.71,13211.5,8402.37,8435.79,0.0,2904.39,20101.0,264.643,0.0,0.0,0.0,564.168,0.0,13928.5,58853.6,0.0,0.0,0.0,0.0,180.885,0.0,0.0,0.0,0.0,0.0,9359.43,0.0,252.737,721.659,1250.95,323.755,38120.1,9414.36,17326.5,0.0,0.0,0.0,12342.4,188872.0
SC24,9294.97,0.0,0.0,0.0,2568.36,0.0,715.219,0.0,0.0,165.532,1109.35,43.2851,0.0,0.0,0.0,0.0,0.0,97.8988,0.0,4579.26,6047.91,0.0,0.0,413.407,3377.93,0.0,0.0,18817.5,0.0,0.0,0.0,0.0,0.0,0.0,0.0,0.0,15361.1,665.171,0.0,9917.53,94388.3,95689.7,0.0,6895.35,1115.94,266.474,27602.0,286.764,590.605,0.0,0.0,0.0,0.0,0.0,1391.89,0.0,0.0,0.0,0.0,0.0,0.0,0.0,787.417,11842.2,0.0,0.0,0.0,0.0,0.0,12097.0,20260.0,0.0,4686.12,8563.86,1740.7,0.0,8133.21,7016.92,1488.26,1491.31,4137.28,1102.25,85668.9,126.305,0.0,6171.51,0.0,0.0,2686.04,0.0,4478.83,0.0,0.0,0.0,0.0,2353.97,117.512,333.431,0.0,0.0,0.0,0.0,2172.88,222.682,735.678,414.083,880.413,0.0,7444.2,3193.46,0.0,27127.9,0.0,0.0,0.0,6996.46,0.0,443.842,2601.33,14919.5,736.862,334.783,3022.35,2669.81,348.141,6148.01,0,1845.54,41147.4,0.0,4121.22,0.0,0.0,0.0,0.0,0.0,0.0,640.485,2814.89,5628.59,12405.9,0.0,0.0,89767.3,0.0,0.0,15304.2,0.0,1566.55,635.412,0.0,269758.0,0.0,0.0,25087.3,565.581,0.0,652.151,2532.69,61396.7,0.0,1900.49,70490.0,0,0.0,0.0,0.0,0.0,550.194,0.0,0.0,0.0,0.0,720.968,0.0,10807.8,3844.26,43643.9,0.0,0.0,362.175,808.214,3355.1,189.541,4984.55,5099.19,0.0,0.0,0.0,10960.4,0.0,236.715,0.0,0.0,4807.35,0.0,696.789,32.802,15767.1,8590.91,18751.1,0.0,110.073,10509.3,0.0,0.0,0.0,0.0,806.185,0.0,2370.87,32014.2,0.0,0.0,0.0,0.0,0.0,0.0,0.0,0.0,0.0,0.0,0.0,0.0,0.0,338.503,0.0,0.0,36466.2,38867.2,22020.0,0.0,0.0,0.0,0.0,216040.0
SC28,13141.7,0.0,0.0,0.0,8200.07,0.0,2802.05,392.483,197.777,212.825,1627.67,0.0,0.0,0.0,0.0,0.0,0.0,328.297,0.0,3740.56,582.889,0.0,1534.31,0.0,0.0,0.0,0.0,91422.1,0.0,0.0,0.0,0.0,0.0,0.0,0.0,0.0,9833.57,0.0,0.0,1974.08,4588.18,6181.76,0.0,5184.27,0.0,1910.51,17869.0,1927.1,2263.38,0.0,781.588,472.024,0.0,0.0,1326.4,0.0,883.24,731.222,0.0,0.0,0.0,0.0,0.0,4668.95,0.0,143.726,0.0,0.0,0.0,7826.62,7004.81,0.0,11137.2,11032.5,10341.2,0.0,9153.94,49428.0,28268.9,3039.44,6191.89,0.0,95314.4,8260.57,0.0,823.661,0.0,0.0,11974.7,0.0,4016.04,0.0,0.0,492.293,351.945,555.864,2034.28,214.975,0.0,0.0,0.0,0.0,10105.1,0.0,375.899,0.0,0.0,0.0,4599.54,34.0889,0.0,38639.3,0.0,0.0,0.0,0.0,0.0,2091.4,3538.49,0.0,1241.63,558.628,6580.69,2885.58,0.0,6951.37,0,0.0,31110.6,0.0,11020.5,0.0,0.0,0.0,0.0,186.107,0.0,5161.55,2190.59,3148.15,5194.1,0.0,0.0,38501.7,0.0,0.0,227834.0,1849.71,666.73,116.701,0.0,514358.0,0.0,0.0,16969.5,0.0,0.0,1287.7,2184.45,78393.7,0.0,1570.55,58605.2,0,0.0,0.0,0.0,0.0,2579.39,0.0,0.0,0.0,168.602,0.0,0.0,27364.2,13838.2,444584.0,0.0,0.0,0.0,0.0,585.653,0.0,289.295,0.0,0.0,0.0,0.0,65345.3,0.0,4048.59,179.658,0.0,1802.1,0.0,0.0,1596.04,13773.1,782.509,12645.4,0.0,0.0,170944.0,1319.64,0.0,0.0,0.0,0.0,0.0,36097.7,53626.4,0.0,67576.8,0.0,0.0,546.958,0.0,0.0,0.0,0.0,0.0,0.0,0.0,0.0,0.0,0.0,0.0,29593.1,30991.1,270493.0,0.0,0.0,0.0,27685.7,253928.0
SC29,3737.75,0.0,0.0,0.0,0.0,0.0,1656.6,0.0,0.0,0.0,2182.48,0.0,0.0,0.0,0.0,0.0,0.0,120.376,0.0,0.0,979.113,68.534,4968.62,34499.9,0.0,0.0,0.0,34031.9,3865.99,0.0,0.0,478.756,0.0,0.0,0.0,0.0,4202.57,0.0,0.0,181.645,35479.2,38967.6,0.0,0.0,0.0,311.447,4566.64,0.0,560.447,234.665,0.0,225.239,2169.33,6134.09,0.0,0.0,0.0,404.527,0.0,0.0,0.0,0.0,5925.93,48134.6,0.0,0.0,0.0,0.0,0.0,2942.45,20046.1,0.0,3272.94,19118.4,1487.72,0.0,14435.1,4041.15,0.0,234.862,0.0,0.0,25844.4,0.0,0.0,882.694,0.0,0.0,3092.08,573.604,0.0,0.0,0.0,0.0,0.0,1921.31,148.261,0.0,0.0,0.0,0.0,0.0,405.116,443.998,32.9906,52.2351,359.754,0.0,3305.15,3230.52,0.0,10634.4,0.0,0.0,0.0,0.0,0.0,0.0,0.0,752.303,0.0,0.0,0.0,355.631,0.0,5605.06,0,937.482,15209.8,0.0,11812.4,0.0,0.0,0.0,0.0,745.823,0.0,7924.02,3891.32,10086.5,527.457,0.0,0.0,49005.7,0.0,0.0,356673.0,0.0,0.0,4294.47,585.19,112879.0,4840.19,0.0,20464.6,5203.28,0.0,3875.8,12140.5,130657.0,0.0,617.592,161761.0,214164,0.0,16389.1,0.0,0.0,0.0,0.0,0.0,0.0,0.0,0.0,0.0,1483.79,2056.22,8620.16,0.0,0.0,27278.7,0.0,2518.08,652.742,6005.86,1882.62,1406.42,0.0,44.1838,94302.8,0.0,2175.61,0.0,0.0,5470.94,3602.85,3967.12,2355.68,6765.82,15221.0,4540.33,408.848,655.884,13815.2,0.0,0.0,0.0,0.0,0.0,0.0,4180.77,43806.8,1738.09,0.0,0.0,0.0,2284.01,0.0,0.0,0.0,0.0,0.0,0.0,0.0,0.0,0.0,0.0,0.0,51267.2,3482.86,30991.3,0.0,0.0,0.0,0.0,101951.0
SC30,13263.7,0.0,0.0,0.0,0.0,984.758,6582.09,2015.19,1675.33,1267.33,1690.81,1110.18,0.0,0.0,0.0,0.0,0.0,1626.94,0.0,36.3865,696.763,422.703,8780.76,0.0,0.0,0.0,0.0,27092.5,6234.09,21209.8,0.0,8185.03,0.0,0.0,0.0,0.0,4215.03,34.8381,1456.23,3253.88,57434.5,49638.2,1546.81,616.248,591.474,2436.35,20155.0,1009.92,2666.28,135.482,3589.88,3333.62,0.0,3478.78,937.146,0.0,235.738,0.0,0.0,0.0,0.0,0.0,13810.6,17518.2,0.0,851.599,1230.95,0.0,0.0,37908.9,12925.7,1463.59,6263.9,2028.74,2346.54,0.0,11765.6,6330.86,14451.2,1065.66,3071.56,0.0,70769.4,0.0,0.0,0.0,0.0,0.0,38943.2,2368.22,2744.47,0.0,0.0,0.0,1885.52,5582.62,936.759,1396.24,0.0,0.0,0.0,0.0,16827.6,191.997,3161.37,722.311,593.797,0.0,4395.8,2615.96,0.0,42345.0,1242.95,0.0,0.0,947.597,0.0,0.0,410.703,4748.05,418.445,0.0,1592.49,224.125,0.0,15699.6,0,0.0,32709.5,0.0,12458.9,0.0,0.0,2484.73,0.0,4441.09,0.0,37411.5,37931.8,0.0,6380.41,0.0,0.0,44929.6,2825.37,0.0,278204.0,14416.4,3562.78,4293.22,0.0,200404.0,5705.33,0.0,3250.4,82699.2,0.0,10615.6,4121.35,61178.9,49275.8,5723.91,60045.5,0,0.0,403.348,0.0,0.0,7090.33,0.0,0.0,71.9988,2965.5,0.0,0.0,31206.1,42727.8,1020000.0,0.0,0.0,0.0,900.372,1064.11,500.121,4163.16,2916.34,0.0,0.0,0.0,41232.9,0.0,3951.42,0.0,1937.39,2094.93,5948.81,8113.8,5291.91,8570.18,2696.08,28314.9,0.0,438.186,266034.0,0.0,0.0,0.0,14962.2,293.802,0.0,50092.2,116563.0,0.0,0.0,0.0,0.0,190.061,0.0,0.0,0.0,0.0,0.0,0.0,0.0,481.54,2677.89,4143.42,589.539,84513.4,24636.4,29392.2,0.0,0.0,0.0,0.0,452478.0
SC33,22759.4,1529.36,580.689,965.667,1902.62,3543.9,22100.8,1111.57,2077.82,3779.46,6377.62,6420.4,0.0,0.0,82612.0,50515.9,0.0,6198.9,0.0,2310.45,0.0,16.9929,201.571,1602.61,455.879,0.0,0.0,257559.0,41797.9,0.0,0.0,2902.27,0.0,0.0,0.0,0.0,17250.2,3152.48,0.0,1732.69,288473.0,272801.0,1550.46,8553.3,853.748,6440.91,18286.7,2085.44,1300.84,0.0,2733.52,2278.81,0.0,27357.4,967.425,511.546,928.165,2292.87,0.0,0.0,0.0,0.0,57691.0,133348.0,0.0,314.076,134.186,0.0,0.0,62101.5,46690.7,0.0,1957.7,15923.0,22118.9,0.0,18332.4,1735.04,17049.8,142.389,0.0,0.0,131424.0,0.0,0.0,2962.63,0.0,0.0,38196.0,438.886,0.0,0.0,0.0,0.0,2248.93,1652.42,3080.99,61.5261,0.0,0.0,0.0,0.0,3037.63,4529.49,8581.43,1051.22,734.212,0.0,0.0,11642.5,0.0,120609.0,0.0,0.0,0.0,0.0,0.0,0.0,3353.47,2397.76,1160.79,0.0,1248.1,5676.22,0.0,13681.7,0,3028.84,38753.8,0.0,3844.5,0.0,0.0,498.655,0.0,1131.49,18673.5,3335.89,12539.6,24196.8,18763.1,0.0,0.0,22048.0,0.0,58388.9,954516.0,0.0,1842.27,6354.18,0.0,295451.0,10568.4,0.0,14225.4,91289.5,0.0,8361.11,2697.77,528218.0,0.0,2284.67,161181.0,0,0.0,74.4173,559.009,0.0,4206.04,113.091,2779.22,0.0,0.0,762.338,0.0,11841.7,2565.93,28947.2,0.0,0.0,116007.0,4356.63,2894.07,1430.34,32106.1,140.045,0.0,0.0,815.075,524242.0,273.645,6717.48,0.0,0.0,6416.88,0.0,0.0,1551.04,6909.68,21666.0,7450.52,336.929,0.0,52180.0,0.0,0.0,0.0,0.0,0.0,1297.32,15605.4,49680.3,0.0,0.0,0.0,0.0,151.764,0.0,0.0,3004.82,0.0,0.0,0.0,0.0,25.7824,0.0,651.591,0.0,46094.8,32852.0,84335.9,0.0,0.0,0.0,0.0,484730.0
SC35,276.292,0.0,0.0,0.0,0.0,0.0,10403.0,0.0,0.0,0.0,19569.3,0.0,0.0,0.0,0.0,0.0,0.0,262.018,0.0,0.0,146.557,0.0,0.0,754.704,0.0,0.0,0.0,53931.9,110.364,0.0,0.0,237.295,0.0,0.0,0.0,0.0,11285.1,0.0,0.0,0.0,0.0,0.0,0.0,0.0,0.0,0.0,0.0,0.0,183.26,0.0,0.0,0.0,0.0,597.697,0.0,0.0,0.0,0.0,0.0,0.0,0.0,0.0,4847.59,46935.9,0.0,0.0,0.0,0.0,0.0,2186.88,20278.9,0.0,2946.18,1456.39,2876.59,0.0,3887.2,3849.48,12583.0,1843.56,2686.45,0.0,52525.0,0.0,0.0,0.0,0.0,0.0,17798.4,0.0,0.0,0.0,0.0,0.0,0.0,2797.07,0.0,0.0,0.0,0.0,0.0,0.0,0.0,0.0,0.0,0.0,0.0,0.0,2841.16,2107.62,0.0,33987.2,0.0,0.0,0.0,0.0,0.0,0.0,0.0,0.0,0.0,0.0,0.0,0.0,0.0,0.0,0,0.0,1064.64,0.0,4416.08,0.0,0.0,0.0,0.0,580.365,0.0,1184.94,3230.11,8457.73,914.77,0.0,0.0,28161.6,0.0,532.957,415411.0,0.0,0.0,0.0,0.0,828829.0,21.6649,0.0,5363.22,3140.39,0.0,1219.1,15979.0,221003.0,262.018,0.0,162609.0,0,0.0,805.935,0.0,0.0,0.0,0.0,0.0,0.0,0.0,0.0,0.0,1182.65,1708.98,21004.5,0.0,0.0,1428.61,0.0,2475.15,0.0,0.0,0.0,0.0,0.0,0.0,59889.3,0.0,721.824,0.0,0.0,2537.35,46.6433,0.0,0.0,12930.4,3270.64,14140.3,0.0,0.0,25507.3,0.0,17597.3,0.0,0.0,0.0,0.0,3565.79,8238.53,0.0,0.0,0.0,0.0,314.014,0.0,0.0,0.0,0.0,0.0,0.0,0.0,0.0,0.0,0.0,0.0,89551.9,23353.5,4292.97,0.0,0.0,0.0,0.0,199376.0
SC41,838.936,0.0,0.0,0.0,471.72,0.0,9203.57,0.0,0.0,0.0,994.244,0.0,0.0,0.0,0.0,0.0,0.0,0.0,0.0,0.0,750.657,0.0,21521.4,182119.0,0.0,0.0,0.0,36634.8,4059.85,0.0,0.0,1719.02,0.0,0.0,0.0,0.0,3164.5,0.0,0.0,898.818,20827.9,31031.2,516.342,289.175,0.0,520.206,4771.68,0.0,1277.43,0.0,339.785,154.729,0.0,5874.48,0.0,0.0,0.0,0.0,0.0,0.0,0.0,0.0,13525.5,61057.0,0.0,0.0,0.0,0.0,0.0,6110.92,12454.2,0.0,1024.57,3207.58,0.0,0.0,4744.25,2328.66,1683.67,552.851,199.544,0.0,29062.9,0.0,0.0,1169.84,0.0,0.0,0.0,0.0,0.0,0.0,0.0,0.0,231.61,1386.19,182.545,215.384,0.0,0.0,0.0,0.0,311.389,375.135,65.2913,0.0,0.0,0.0,3349.75,830.822,0.0,5890.71,0.0,0.0,0.0,3567.26,0.0,0.0,0.0,5406.43,146.036,0.0,0.0,378.419,0.0,383.828,0,114.936,11283.2,0.0,3686.83,0.0,0.0,0.0,0.0,3429.34,0.0,12774.9,8417.75,9041.11,4835.23,3877.88,0.0,79076.5,0.0,0.0,0.0,8096.7,402.565,2302.0,185.829,503172.0,1585.73,0.0,59198.0,34633.2,0.0,11496.3,160.717,172389.0,2935.02,527.353,117651.0,0,68255.7,8198.31,0.0,0.0,0.0,0.0,0.0,0.0,0.0,0.0,0.0,3976.4,534.114,9532.15,0.0,0.0,1447.23,0.0,32.2593,120.345,2524.53,255.177,508.036,0.0,0.0,81650.5,0.0,0.0,0.0,0.0,1691.39,277.778,0.0,345.387,5291.3,3806.99,7435.87,0.0,0.0,7533.81,0.0,0.0,0.0,0.0,0.0,0.0,2846.93,16762.5,0.0,0.0,0.0,0.0,0.0,0.0,0.0,0.0,0.0,0.0,722.068,0.0,0.0,107.209,441.586,0.0,16104.4,9504.91,34214.6,0.0,0.0,0.0,0.0,95610.6
SC42,24564.9,0.0,0.0,0.0,933.763,0.0,273.283,1527.06,86.3596,1234.03,0.0,1578.48,0.0,0.0,0.0,0.0,0.0,4449.65,0.0,1585.58,121.017,480.659,0.0,0.0,0.0,0.0,0.0,15867.7,991.573,0.0,0.0,0.0,0.0,0.0,0.0,0.0,14456.7,633.067,0.0,0.0,13903.3,12855.4,0.0,265.613,347.995,602.671,17869.8,849.392,93.7456,0.0,7497.38,2867.34,22.016,4739.12,377.113,0.0,0.0,0.0,0.0,0.0,0.0,0.0,4225.65,0.0,0.0,0.0,0.0,0.0,0.0,18158.4,888.595,0.0,8015.25,8869.75,34100.4,0.0,26226.2,2589.37,24760.2,759.055,523.271,0.0,26116.1,0.0,0.0,204.11,0.0,0.0,14716.8,0.0,0.0,0.0,270.584,0.0,0.0,209.223,0.0,362.909,0.0,0.0,0.0,0.0,412.339,32.6689,0.0,1522.51,0.0,0.0,5016.1,338.194,0.0,2418.78,0.0,0.0,0.0,0.0,0.0,0.0,0.0,8531.7,0.0,275.697,792.008,603.523,0.0,6958.62,0,2980.12,59764.0,0.0,6780.08,0.0,0.0,130.108,0.0,0.0,0.0,4405.9,0.0,94.0297,2217.51,418.446,0.0,0.0,0.0,0.0,0.0,0.0,427.111,868.141,0.0,106114.0,0.0,0.0,5145.36,6019.18,0.0,6717.73,3608.35,120.307,0.0,270.158,1194.55,0,0.0,7596.09,0.0,0.0,357.654,0.0,0.0,0.0,0.0,0.0,0.0,128807.0,56933.4,138630.0,0.0,0.0,0.0,0.0,0.0,0.0,2571.04,0.0,498.556,0.0,0.0,8507.98,0.0,0.0,0.0,0.0,10787.1,6791.44,36373.0,1160.46,39012.9,23377.3,6338.77,0.0,6084.8,43706.6,905.639,0.0,0.0,0.0,0.0,0.0,65542.5,91694.9,0.0,0.0,0.0,0.0,22958.7,830.501,498.414,0.0,0.0,0.0,682.212,0.0,0.0,157.663,1111.74,0.0,990.863,2971.88,30689.0,0.0,0.0,0.0,0.0,143047.0
SC43,9778.74,0.0,0.0,0.0,4240.85,0.0,2526.74,0.0,57.0876,455.912,0.0,0.0,0.0,0.0,0.0,0.0,0.0,2004.28,0.0,2029.72,737.012,0.0,0.0,2332.51,0.0,0.0,0.0,7100.75,0.0,0.0,0.0,0.0,0.0,0.0,0.0,0.0,1892.07,0.0,0.0,443.39,2431.3,2373.33,0.0,2863.35,0.0,0.0,14513.2,0.0,0.0,0.0,741.646,0.0,0.0,1216.88,172.939,0.0,0.0,404.74,0.0,0.0,0.0,0.0,793.113,3752.89,0.0,0.0,0.0,0.0,0.0,3282.39,13115.0,0.0,2220.99,3056.9,1270.72,0.0,5617.95,4802.65,2585.9,3585.87,3813.04,0.0,90324.5,1778.29,0.0,3287.32,0.0,0.0,0.0,0.0,42.3967,0.0,0.0,556.481,0.0,2895.2,0.0,0.0,0.0,0.0,0.0,0.0,11231.4,0.0,245.408,0.0,0.0,0.0,2148.72,0.0,0.0,0.0,0.0,0.0,970.982,0.0,0.0,0.0,0.0,26927.3,0.0,0.0,752.985,0.0,0.0,5766.93,0,1596.38,114053.0,0.0,6122.28,0.0,0.0,0.0,0.0,242.154,0.0,6174.53,44.27,1451.05,2436.72,0.0,0.0,132571.0,0.0,0.0,9198.79,0.0,0.0,0.0,0.0,76449.2,0.0,0.0,21787.7,1844.06,0.0,1937.23,650.542,11009.2,247.971,0.0,2583.63,0,0.0,0.0,0.0,0.0,126.598,0.0,0.0,0.0,0.0,0.0,0.0,17656.0,6742.55,107754.0,0.0,0.0,0.0,0.0,0.0,0.0,29.3819,0.0,0.0,0.0,0.0,3579.66,0.0,95.4418,0.0,0.0,10179.3,2349.86,1086.14,0.0,5253.74,199.856,34285.7,0.0,161.403,9132.83,0.0,0.0,0.0,0.0,0.0,0.0,2879.03,39467.5,0.0,0.0,0.0,0.0,310.876,0.0,0.0,0.0,0.0,0.0,0.0,0.0,0.0,0.0,0.0,0.0,772.211,1775.83,14310.3,0.0,0.0,0.0,0.0,77589.3
SC44,845.6,0.0,0.0,0.0,1134.83,0.0,4398.39,1510.15,6781.82,0.0,16822.6,0.0,0.0,0.0,0.0,0.0,0.0,4329.83,0.0,0.0,1001.26,1319.69,0.0,0.0,282.882,0.0,0.0,8929.59,2957.82,0.0,0.0,2328.32,0.0,0.0,0.0,0.0,5586.29,0.0,0.0,744.027,112.493,406.294,0.0,3413.63,277.55,226.509,8423.75,940.064,210.765,0.0,138.648,7962.1,0.0,860.328,0.0,0.0,0.0,0.0,0.0,0.0,0.0,0.0,6208.69,8898.61,0.0,0.0,0.0,0.0,0.0,9786.11,80009.0,0.0,1483.23,3308.51,16512.3,0.0,8872.45,0.0,26709.8,0.0,0.0,0.0,302585.0,0.0,0.0,0.0,0.0,0.0,0.0,0.0,0.0,0.0,788.719,0.0,466.223,11085.7,611.473,551.291,0.0,0.0,0.0,0.0,21042.0,0.0,255.965,861.09,0.0,0.0,4814.33,1162.26,0.0,5809.76,0.0,0.0,0.0,0.0,0.0,0.0,789.227,11295.2,0.0,0.0,94.7174,1006.59,0.0,0.0,0,1104.11,12901.9,0.0,14863.3,0.0,0.0,0.0,0.0,31.7418,0.0,1264.59,1470.53,4555.07,1163.27,0.0,0.0,195228.0,0.0,0.0,134048.0,0.0,0.0,363.126,0.0,346988.0,0.0,0.0,35121.9,7594.15,0.0,2797.84,1876.06,12786.6,5916.92,0.0,1543.41,0,0.0,0.0,0.0,0.0,879.12,0.0,0.0,0.0,329.606,0.0,0.0,9721.86,2747.06,469021.0,0.0,0.0,0.0,1136.86,0.0,0.0,1623.15,0.0,0.0,0.0,0.0,11071.5,0.0,2825.27,0.0,0.0,28912.2,0.0,2207.96,0.0,10861.0,6308.48,3221.66,0.0,358.047,48414.3,647.278,0.0,0.0,0.0,0.0,0.0,13828.2,35871.2,0.0,0.0,0.0,0.0,0.0,0.0,0.0,0.0,0.0,0.0,0.0,0.0,0.0,0.0,0.0,0.0,10531.2,21560.8,31978.7,0.0,0.0,0.0,0.0,409199.0
SC45,341.2,0.0,0.0,0.0,3404.7,0.0,8876.24,0.0,7043.97,45.4559,23849.7,1979.86,0.0,0.0,0.0,0.0,0.0,4368.81,0.0,141.979,0.0,1778.39,0.0,3875.53,0.0,0.0,0.0,57338.4,34355.6,0.0,0.0,5551.23,0.0,0.0,0.0,0.0,13071.6,501.137,0.0,2998.4,0.0,0.0,0.0,786.779,0.0,703.724,9586.7,2160.56,2364.27,0.0,1071.3,3169.0,0.0,14103.1,313.14,0.0,0.0,405.174,0.0,0.0,0.0,0.0,13157.5,22314.3,0.0,0.0,5734.73,0.0,0.0,21282.3,70335.4,0.0,1919.25,877.691,14958.9,0.0,22955.8,0.0,57162.7,3009.07,2288.51,0.0,603368.0,40.4052,0.0,13388.7,0.0,0.0,0.0,0.0,0.0,0.0,163.304,276.102,438.284,10061.5,3772.27,393.39,0.0,0.0,0.0,0.0,20154.9,0.0,708.213,106.064,0.0,0.0,2740.82,0.0,0.0,93175.5,0.0,0.0,0.0,0.0,0.0,0.0,0.0,18824.3,0.0,0.0,0.0,0.0,0.0,545.47,0,11997.0,38259.2,0.0,70286.5,0.0,0.0,576.897,0.0,699.796,0.0,1900.73,3716.16,4556.25,1895.12,0.0,0.0,128748.0,0.0,0.0,424550.0,0.0,1039.31,1116.75,0.0,410200.0,0.0,0.0,362937.0,28402.1,0.0,9448.64,11466.1,130025.0,2516.91,374.871,167671.0,0,0.0,35156.5,0.0,0.0,31.9875,0.0,0.0,0.0,0.0,0.0,0.0,8540.65,20799.1,481475.0,0.0,0.0,0.0,200.342,626.281,0.0,8315.05,0.0,2512.42,0.0,0.0,34022.3,0.0,5138.76,0.0,2161.12,18932.6,63628.1,3055.08,939.982,7964.88,28131.6,6339.13,0.0,70.7091,254401.0,476.445,0.0,0.0,0.0,0.0,0.0,79112.3,99693.7,0.0,0.0,0.0,0.0,0.0,1671.2,1070.18,0.0,0.0,0.0,4790.82,150.397,0.0,840.653,0.0,91.4729,166124.0,50514.4,134926.0,0.0,0.0,0.0,0.0,1000000.0
SC46,9174.35,0.0,0.0,0.0,6117.09,128.419,4750.73,2696.54,2708.95,451.146,14472.3,1818.8,0.0,0.0,0.0,0.0,0.0,4126.98,364.07,872.32,802.813,6860.22,0.0,0.0,398.177,0.0,0.0,3840.69,0.0,0.0,0.0,20531.3,0.0,0.0,0.0,0.0,5616.85,2016.46,0.0,1418.04,12504.2,15933.3,769.74,1880.55,1964.53,1540.77,20762.0,1869.18,4882.25,0.0,870.77,7524.28,0.0,9942.79,1258.61,0.0,0.0,401.536,0.0,0.0,0.0,0.0,16952.4,5288.7,0.0,752.686,0.0,0.0,0.0,33209.1,23361.7,0.0,6211.4,2840.72,5510.91,0.0,11382.5,5443.99,21431.5,3285.93,5866.2,2660.37,320252.0,378.281,0.0,21252.5,0.0,0.0,24142.0,983.427,0.0,0.0,0.0,0.0,0.0,1683.4,0.0,1396.85,0.0,0.0,0.0,0.0,80819.0,889.374,1923.19,214.721,0.0,0.0,5334.95,0.0,0.0,898.159,0.0,0.0,0.0,0.0,0.0,0.0,1581.08,39156.5,571.297,0.0,1373.34,119.892,0.0,12300.3,0,6937.73,137463.0,0.0,21269.0,0.0,0.0,2191.14,0.0,567.938,0.0,7409.03,1129.42,2877.42,7663.29,0.0,0.0,234570.0,0.0,0.0,31861.1,0.0,0.0,2732.2,0.0,115024.0,0.0,0.0,61528.3,22842.1,0.0,3783.58,3727.77,29681.1,25448.2,597.394,2643.83,0,0.0,0.0,0.0,0.0,694.549,0.0,1442.07,0.0,0.0,0.0,0.0,24582.8,2533.24,392244.0,0.0,0.0,0.0,1650.07,0.0,117.308,2719.54,0.0,0.0,0.0,0.0,10891.9,0.0,483.703,0.0,0.0,33627.5,5203.43,2948.73,0.0,32284.1,14464.1,22229.7,0.0,1108.75,8504.34,0.0,0.0,0.0,0.0,0.0,0.0,4017.43,152250.0,0.0,0.0,0.0,0.0,484.479,0.0,0.0,0.0,0.0,0.0,1128.12,0.0,0.0,27.1308,1227.6,0.0,5789.45,9677.69,13800.0,0.0,0.0,0.0,0.0,268548.0
SC47,2074.9,0.0,0.0,0.0,3295.68,0.0,3267.87,0.0,0.0,0.0,918.631,0.0,0.0,0.0,0.0,0.0,0.0,419.654,0.0,0.0,517.903,655.484,0.0,4447.84,0.0,0.0,0.0,26674.5,0.0,0.0,0.0,0.0,0.0,0.0,0.0,0.0,25364.2,0.0,0.0,3861.15,0.0,0.0,0.0,4670.83,0.0,61.3847,7553.28,0.0,523.004,0.0,936.899,103.021,0.0,42851.8,0.0,0.0,0.0,404.514,0.0,0.0,0.0,0.0,0.0,4240.32,0.0,0.0,0.0,0.0,0.0,5182.98,18543.8,0.0,3622.19,4637.26,753.732,0.0,2391.7,9473.82,5257.2,4057.81,21011.7,0.0,57184.6,2327.68,0.0,1344.54,0.0,0.0,3012.62,0.0,0.0,0.0,0.0,0.0,321.57,1859.15,322.887,0.0,0.0,0.0,0.0,0.0,4810.72,2036.39,468.861,0.0,155.025,0.0,4743.57,3917.1,0.0,62019.1,1887.13,0.0,0.0,0.0,0.0,0.0,0.0,9212.81,0.0,224.145,0.0,814.129,0.0,14770.0,0,3324.32,19917.9,0.0,17916.9,0.0,0.0,0.0,0.0,0.0,0.0,0.0,1850.59,5720.13,25.0147,0.0,0.0,8667.26,0.0,0.0,143233.0,0.0,345.433,0.0,0.0,203809.0,0.0,0.0,18849.1,0.0,0.0,0.0,31385.9,130404.0,0.0,0.0,65501.6,0,0.0,0.0,0.0,0.0,0.0,0.0,0.0,0.0,0.0,0.0,0.0,3086.02,22162.4,63351.2,0.0,0.0,0.0,318.773,19390.8,0.0,3477.7,1008.49,0.0,0.0,0.0,15964.8,0.0,1312.94,0.0,0.0,6564.71,0.0,1797.6,1288.59,2153.07,11812.0,20741.9,0.0,0.0,25615.4,0.0,0.0,0.0,0.0,0.0,0.0,12647.9,66081.4,0.0,21129.2,0.0,0.0,546.373,0.0,0.0,0.0,0.0,0.0,0.0,0.0,0.0,918.796,2303.16,0.0,43782.4,10629.1,8689.31,0.0,0.0,0.0,0.0,241040.0
SC48,15148.7,0.0,0.0,0.0,4435.33,2359.25,1249.89,2485.99,115.603,295.901,10148.1,7224.65,0.0,0.0,0.0,0.0,0.0,3144.08,0.0,1577.61,7775.08,4011.63,0.0,6664.13,0.0,0.0,0.0,16127.1,3998.9,0.0,0.0,0.0,0.0,0.0,0.0,0.0,7705.09,570.59,0.0,3279.83,26279.5,28533.2,926.413,5713.85,1335.27,357.414,25035.4,1503.9,3410.81,0.0,5315.08,3565.66,0.0,9677.76,988.987,0.0,0.0,396.125,0.0,0.0,0.0,0.0,4486.24,21253.9,0.0,0.0,0.0,0.0,0.0,21015.8,17287.9,0.0,20422.5,24382.6,19203.9,0.0,23566.0,919.52,27859.2,3009.38,4958.72,6199.6,745267.0,1479.5,0.0,757.782,14500.2,0.0,16090.0,0.0,747.706,0.0,2840.75,1995.47,483.092,9381.33,0.0,1619.5,0.0,0.0,0.0,0.0,54718.3,211.055,4714.79,465.063,0.0,0.0,2214.48,261.432,0.0,3701.41,0.0,0.0,0.0,0.0,0.0,0.0,7862.58,76675.9,0.0,0.0,0.0,476.729,0.0,67495.1,0,6632.31,253571.0,0.0,25823.4,0.0,0.0,1575.49,0.0,3638.31,0.0,13326.7,6080.81,4924.26,9986.39,0.0,0.0,399275.0,0.0,0.0,16821.8,0.0,475.668,553.621,0.0,266564.0,0.0,0.0,125080.0,36594.7,335.142,11895.4,2506.14,22069.0,0.0,427.412,9204.74,0,0.0,12859.0,0.0,0.0,303.325,0.0,0.0,0.0,0.0,0.0,0.0,75184.2,138443.0,911226.0,0.0,562.636,5504.92,972.548,0.0,0.0,5700.07,0.0,0.0,0.0,0.0,36230.9,0.0,3460.66,0.0,0.0,142226.0,0.0,4197.76,3621.34,41790.9,25139.9,41348.2,0.0,311.279,54748.0,2616.97,0.0,0.0,93394.9,0.0,0.0,30889.8,291155.0,0.0,0.0,0.0,0.0,0.0,0.0,0.0,0.0,0.0,0.0,0.0,0.0,0.0,0.0,199.919,0.0,17597.1,11494.0,229963.0,14537.3,0.0,0.0,0.0,457947.0
SC49,1935.54,0.0,0.0,0.0,0.0,0.0,3045.12,0.0,0.0,0.0,1637.13,400.723,0.0,0.0,0.0,0.0,0.0,0.0,0.0,0.0,144.01,0.0,33351.4,24777.4,0.0,0.0,0.0,16650.1,0.0,0.0,0.0,451.213,0.0,2952.14,0.0,0.0,1408.39,0.0,0.0,0.0,8595.03,10576.7,0.0,1168.33,0.0,0.0,1278.1,0.0,675.288,0.0,0.0,835.417,0.0,1577.18,0.0,0.0,0.0,0.0,0.0,0.0,0.0,0.0,5438.54,17889.6,0.0,0.0,0.0,0.0,0.0,2546.62,14217.8,0.0,4578.87,13873.2,8821.9,0.0,5319.04,6581.02,4782.57,494.776,0.0,0.0,22880.1,0.0,0.0,208.754,0.0,0.0,5815.15,0.0,0.0,0.0,0.0,0.0,0.0,698.601,0.0,0.0,0.0,0.0,0.0,0.0,0.0,0.0,0.0,0.0,0.0,0.0,1461.28,647.844,0.0,12396.0,0.0,0.0,0.0,736.568,0.0,0.0,0.0,1534.15,235.531,0.0,0.0,1358.97,0.0,1345.11,0,445.351,8631.93,0.0,3946.08,0.0,0.0,0.0,0.0,1508.04,0.0,18593.1,6874.51,16738.8,2782.15,0.0,0.0,176272.0,0.0,0.0,29838.3,2283.24,0.0,141.212,0.0,207667.0,365.02,0.0,10751.4,1061.22,0.0,0.0,1566.66,269573.0,0.0,241.793,65405.0,0,0.0,80.7308,0.0,0.0,0.0,0.0,0.0,0.0,0.0,589.894,0.0,1046.3,2516.64,7580.97,0.0,0.0,0.0,0.0,0.0,0.0,0.0,596.555,0.0,0.0,45.5609,80953.0,0.0,1246.8,0.0,0.0,10381.8,137.216,304.139,0.0,17611.7,10660.1,5287.2,0.0,0.0,5378.45,408.183,0.0,0.0,0.0,0.0,0.0,3324.88,7185.71,0.0,0.0,0.0,0.0,1643.26,0.0,0.0,0.0,0.0,0.0,0.0,0.0,0.0,0.0,0.0,0.0,10505.9,5240.17,12172.9,0.0,0.0,0.0,0.0,64536.3
SC50,3347.06,0.0,0.0,0.0,0.0,0.0,2557.86,0.0,0.0,403.608,2124.31,0.0,0.0,0.0,0.0,0.0,0.0,118.989,0.0,0.0,0.0,1063.74,0.0,14982.5,0.0,715.788,0.0,139971.0,21556.3,0.0,0.0,0.0,0.0,0.0,0.0,0.0,3772.13,0.0,0.0,347.691,71986.6,71905.8,0.0,132.504,219.692,0.0,21921.2,0.0,0.0,0.0,0.0,1097.14,6938.45,10813.7,0.0,0.0,465.355,0.0,0.0,0.0,0.0,0.0,8665.25,14071.2,0.0,0.0,0.0,0.0,0.0,12227.2,1554.54,0.0,11380.8,13034.4,642.381,0.0,9604.17,4384.04,882.743,858.098,661.726,0.0,31620.5,0.0,0.0,0.0,0.0,0.0,0.0,0.0,2708.65,0.0,0.0,0.0,497.421,0.0,880.358,0.0,0.0,309.53,0.0,0.0,2426.15,250.698,312.975,104.678,486.556,0.0,5189.4,2247.01,0.0,66124.7,0.0,0.0,0.0,0.0,0.0,0.0,1141.13,0.0,0.0,0.0,589.114,0.0,0.0,15645.8,0,0.0,12728.6,0.0,4623.6,0.0,0.0,0.0,449.719,1538.11,23700.0,0.0,44.5214,53.5317,1007.3,0.0,0.0,16631.4,0.0,0.0,1050000.0,0.0,0.0,986.362,0.0,68357.1,0.0,0.0,0.0,8313.32,0.0,9429.27,7897.25,15476.5,640.526,0.0,65042.1,0,0.0,6906.92,0.0,0.0,0.0,0.0,1455.43,0.0,0.0,0.0,0.0,5813.76,9889.85,12944.6,0.0,0.0,7615.81,0.0,751.829,0.0,3509.51,0.0,1124.17,0.0,0.0,40684.9,0.0,1844.72,0.0,0.0,0.0,322.515,0.0,2558.66,2997.25,20666.2,11997.2,5158.13,0.0,72563.8,0.0,0.0,0.0,0.0,0.0,0.0,24758.7,27550.8,0.0,0.0,0.0,0.0,0.0,0.0,0.0,0.0,0.0,0.0,0.0,0.0,0.0,0.0,0.0,0.0,74157.6,10150.9,103044.0,0.0,0.0,0.0,0.0,327158.0
SC51,125415.0,0.0,0.0,0.0,15295.5,0.0,22958.6,0.0,764.338,1435.96,18138.2,1645.48,0.0,0.0,0.0,0.0,0.0,484.008,0.0,0.0,639.503,2755.12,1768.85,2983.62,6498.7,0.0,0.0,6772.45,0.0,0.0,0.0,0.0,0.0,0.0,0.0,0.0,14314.4,0.0,0.0,7709.81,35318.7,58220.3,0.0,6906.05,86.8731,451.886,49657.1,2377.7,318.292,0.0,1837.48,0.0,0.0,0.0,5523.38,0.0,0.0,401.515,0.0,0.0,2889.44,0.0,0.0,56901.9,0.0,3121.59,1106.72,0.0,0.0,29919.4,61677.7,0.0,36822.5,39628.0,17174.6,0.0,22946.9,135004.0,50293.0,7803.98,6336.63,43.0716,604780.0,7760.91,0.0,32878.2,0.0,4342.93,0.0,0.0,2011.22,0.0,0.0,0.0,0.0,34282.8,120.454,585.481,0.0,0.0,0.0,0.0,35923.9,260.619,0.0,151.845,0.0,83720.2,0.0,0.0,0.0,0.0,0.0,0.0,0.0,0.0,0.0,1095.77,2812.79,16647.5,0.0,533.649,8668.33,1181.18,0.0,8722.36,0,365.013,133344.0,0.0,119001.0,46618.8,0.0,2817.9,0.0,34041.1,0.0,74389.7,45275.5,99204.7,56788.8,0.0,0.0,1620000.0,0.0,0.0,0.0,98.5536,8738.42,0.0,0.0,340470.0,0.0,0.0,177312.0,2639.78,0.0,3913.67,4072.82,10046.6,0.0,3349.36,5997.17,0,0.0,0.0,0.0,0.0,9195.41,0.0,0.0,139.435,0.0,2044.07,0.0,86686.3,111690.0,558114.0,0.0,0.0,0.0,0.0,0.0,0.0,3753.8,0.0,0.0,0.0,0.0,101352.0,0.0,138.705,0.0,0.0,140037.0,50755.1,3253.0,2017.79,125432.0,36600.6,30109.2,0.0,1441.07,3719.48,913.263,0.0,0.0,62601.2,1360.04,0.0,39030.1,352566.0,0.0,0.0,36513.7,0.0,2474.06,0.0,0.0,0.0,0.0,0.0,0.0,0.0,0.0,0.0,0.0,0.0,3969.88,5840.21,43711.1,0.0,0.0,0.0,105644.0,880718.0
SC53,6506.12,0.0,0.0,0.0,0.0,0.0,13051.1,0.0,631.109,633.177,4571.42,1187.24,0.0,0.0,0.0,0.0,0.0,1212.4,0.0,0.0,0.0,437.631,2351.55,3209.75,2154.8,0.0,0.0,3348.16,2474.45,0.0,0.0,6454.84,0.0,0.0,0.0,0.0,3634.8,70.5828,72.7374,1440.35,3011.02,4382.86,571.385,4081.91,248.117,801.576,9968.81,0.0,0.0,0.0,1961.5,581.209,0.0,3681.08,416.602,0.0,0.0,0.0,0.0,0.0,0.0,0.0,997.898,3573.35,0.0,0.0,0.0,0.0,0.0,11092.8,29268.6,0.0,143.32,1491.81,14558.8,0.0,15439.3,0.0,26295.4,0.0,1067.71,0.0,104058.0,0.0,0.0,3657.81,0.0,0.0,8743.22,0.0,0.0,0.0,0.0,0.0,0.0,1803.96,0.0,0.0,0.0,0.0,0.0,0.0,17112.8,0.0,0.0,0.0,0.0,0.0,803.731,73.9439,0.0,3790.01,0.0,0.0,0.0,73.7715,0.0,0.0,6602.72,24292.7,0.0,0.0,2082.93,101.608,0.0,726.512,0,1058.05,102071.0,0.0,3856.03,0.0,0.0,0.0,0.0,594.998,0.0,3599.9,911.889,1687.44,669.804,7089.31,0.0,34742.7,0.0,0.0,9280.56,3976.85,457.97,1345.73,0.0,32701.4,386.008,0.0,19565.9,3905.93,0.0,6538.35,1892.03,7416.88,0.0,321.889,2651.29,0,0.0,1886.78,0.0,0.0,0.0,0.0,0.0,0.0,0.0,0.0,0.0,2761.43,272.334,14439.9,0.0,0.0,0.0,0.0,0.0,0.0,1526.71,0.0,0.0,55.8457,0.0,7275.29,0.0,340.59,0.0,0.0,18123.7,606.202,425.048,0.0,102523.0,1175.95,485.634,0.0,0.0,15867.9,115.828,0.0,0.0,0.0,0.0,0.0,15295.0,10348.6,0.0,0.0,0.0,0.0,137.546,689.023,0.0,0.0,0.0,0.0,0.0,0.0,746.161,1153.37,1786.89,0.0,868.453,829.844,3306.19,0.0,0.0,0.0,0.0,47679.6
SC54,0.0,0.0,0.0,0.0,10765.9,44.9864,60018.9,352.822,368.246,2288.52,22708.5,847.672,52172.7,0.0,21292.7,0.0,0.0,2309.09,0.0,0.0,157.452,1008.34,94492.7,0.0,0.0,0.0,0.0,113485.0,1977.47,0.0,0.0,0.0,0.0,0.0,0.0,0.0,62136.5,2196.62,0.0,4274.35,0.0,62.981,0.0,13872.5,2090.58,695.361,19216.9,173.519,1186.36,0.0,131.746,1073.25,0.0,309.121,583.538,0.0,0.0,803.971,0.0,0.0,0.0,0.0,0.0,16702.2,0.0,304.622,0.0,0.0,0.0,23939.8,32653.1,0.0,7711.96,1586.73,3527.58,1464.63,10358.4,17511.3,7058.37,1986.47,1522.47,0.0,464424.0,0.0,0.0,32118.4,0.0,0.0,49723.5,0.0,0.0,0.0,5726.13,0.0,422.23,4694.01,1978.76,512.845,370.817,2019.25,0.0,85.4742,114731.0,0.0,3134.91,303.98,666.442,0.0,5510.19,2953.04,0.0,152504.0,0.0,0.0,0.0,0.0,885.59,0.0,15094.2,47551.9,0.0,0.0,0.0,377.243,0.0,2152.92,0,7438.82,0.0,0.0,126595.0,0.0,0.0,77.7622,0.0,0.0,0.0,0.0,1071.32,2384.92,0.0,0.0,0.0,17838.4,0.0,540.48,615686.0,0.0,0.0,1294.97,0.0,674398.0,0.0,0.0,49197.1,6680.48,0.0,976.205,9889.3,157715.0,0.0,0.0,129768.0,131443,203830.0,149.098,0.0,0.0,2998.67,0.0,0.0,309.764,1672.85,2125.29,0.0,29444.9,152254.0,356864.0,0.0,0.0,7002.46,1735.83,2407.42,286.628,14781.9,258.993,0.0,0.0,0.0,47310.9,0.0,6169.56,0.0,0.0,8364.9,0.0,386.24,223.004,8298.71,29180.8,15873.1,993.557,0.0,133022.0,2658.05,0.0,0.0,0.0,0.0,0.0,40895.2,95987.5,0.0,0.0,0.0,0.0,2809.72,0.0,0.0,0.0,0.0,0.0,0.0,0.0,0.0,0.0,0.0,0.0,148607.0,154241.0,593614.0,42582.2,0.0,0.0,40261.6,789929.0
SC55,8372.39,0.0,0.0,0.0,1028.2,801.46,6395.68,1383.75,141.153,0.0,14749.8,0.0,51898.7,0.0,0.0,0.0,0.0,428.231,0.0,2680.23,1603.76,1292.83,12152.1,0.0,0.0,0.0,0.0,34691.5,0.0,0.0,0.0,0.0,0.0,0.0,0.0,0.0,37211.7,1194.61,0.0,0.0,19853.5,24791.6,0.0,665.077,897.433,113.933,26225.6,0.0,253.683,0.0,818.578,952.996,0.0,10368.2,0.0,0.0,0.0,404.939,0.0,0.0,0.0,0.0,1381.23,8559.29,0.0,0.0,0.0,0.0,0.0,16536.0,15166.0,0.0,6700.72,11060.2,408.868,0.0,38432.2,15911.9,5101.45,2867.97,3077.03,0.0,89046.8,1294.79,0.0,4309.81,0.0,0.0,1985.69,0.0,1304.06,0.0,0.0,0.0,452.084,4273.61,931.388,613.723,0.0,0.0,0.0,0.0,40175.4,585.099,2618.21,1372.53,609.233,0.0,6160.52,12617.7,0.0,58291.3,1259.44,0.0,0.0,0.0,0.0,0.0,834.573,15033.3,0.0,0.0,1420.51,2954.12,0.0,10562.1,0,11447.5,194631.0,0.0,41998.1,0.0,0.0,1735.09,0.0,0.0,0.0,0.0,0.0,0.0,0.0,0.0,0.0,95343.9,0.0,0.0,233226.0,0.0,0.0,3388.24,0.0,206628.0,0.0,0.0,22807.6,6772.56,0.0,3919.46,37180.0,40394.9,0.0,0.0,18490.3,0,0.0,159.394,0.0,0.0,93.7281,0.0,0.0,0.0,0.0,0.0,0.0,36995.4,13224.4,105263.0,0.0,0.0,0.0,0.0,4005.89,749.544,11800.5,1457.84,0.0,0.0,0.0,39231.1,0.0,3096.11,0.0,0.0,15123.6,0.0,4386.14,4764.7,38091.5,12823.1,30938.1,0.0,1827.7,58799.5,508.208,0.0,0.0,0.0,0.0,0.0,14558.7,170698.0,0.0,0.0,0.0,0.0,1699.45,0.0,0.0,0.0,0.0,0.0,0.0,0.0,0.0,0.0,0.0,0.0,49413.0,89683.2,180896.0,0.0,0.0,0.0,0.0,325259.0
SC56,14301.4,0.0,0.0,0.0,1543.46,0.0,3765.7,945.875,113.961,1230.07,19004.4,2106.14,0.0,0.0,0.0,0.0,0.0,546.3,940.89,438.037,49.8579,4611.14,4050.6,24280.8,0.0,0.0,0.0,29156.9,3145.32,0.0,0.0,5381.09,0.0,0.0,0.0,0.0,16594.8,1777.79,0.0,2199.45,9987.25,7590.51,220.087,4008.57,0.0,1295.59,34018.8,4311.28,8331.97,0.0,1113.97,1730.78,0.0,7861.88,1407.42,0.0,0.0,810.547,0.0,0.0,0.0,0.0,23412.6,51531.0,0.0,861.829,0.0,0.0,0.0,57360.8,105536.0,196.583,4545.62,7814.87,18447.4,0.0,11659.6,4511.43,34833.6,3593.33,3193.75,0.0,771551.0,204.417,0.0,4476.53,0.0,0.0,0.0,1100.43,0.0,0.0,711.543,1746.45,121.796,27456.0,1381.78,372.51,0.0,0.0,0.0,0.0,28174.0,67.6643,1346.16,155.984,767.099,0.0,7641.08,6628.96,0.0,53415.6,0.0,0.0,971.517,780.632,0.0,0.0,3731.51,9792.09,0.0,0.0,0.0,401.0,0.0,11067.0,27914,7039.93,314093.0,0.0,53818.0,0.0,0.0,1631.78,0.0,3735.78,0.0,25246.6,308.407,87.6074,28588.5,10146.8,0.0,1660000.0,0.0,1044.17,34556.5,19121.2,5970.13,1923.09,0.0,589785.0,0.0,0.0,147729.0,36684.0,0.0,8076.27,2986.49,91872.4,13724.5,1509.27,21817.1,0,0.0,5339.07,0.0,0.0,12019.3,0.0,0.0,0.0,0.0,0.0,0.0,34612.1,23420.4,618483.0,0.0,0.0,0.0,0.0,1215.82,610.403,4694.48,0.0,62.6785,0.0,0.0,81400.8,0.0,4420.26,0.0,0.0,75140.8,1727.93,4626.1,1482.92,76822.5,5381.8,11777.9,0.0,826.216,79832.5,243.591,0.0,0.0,0.0,0.0,0.0,25584.2,123038.0,0.0,0.0,0.0,0.0,3845.47,0.0,0.0,0.0,0.0,0.0,3403.16,0.0,0.0,2281.35,691.6,0.0,30088.5,30351.3,81290.4,0.0,0.0,0.0,0.0,1150000.0
