sampleID,read_count,Capnocytophaga sp. FDAARGOS_737,Capnocytophaga sp. oral taxon 323,Capnocytophaga sp. oral taxon 864,Capnocytophaga sp. oral taxon 878,Gemella sp. oral taxon 928,Prevotella sp. oral taxon 299,Tannerella sp. oral taxon HOT-286,Actinobaculum sp. 313,Actinomyces sp. 2129,Actinomyces sp. 299,Actinomyces sp. 432,Actinomyces sp. Chiba101,Actinomyces sp. dk561,Actinomyces sp. oral taxon 171,Actinomyces sp. oral taxon 414,Actinomyces sp. oral taxon 848,Actinomyces sp. oral taxon 897,Actinomyces sp. Z16,Aeromicrobium sp. MF47,Agrococcus sp. SGAir0287,Arsenicicoccus sp. oral taxon 190,Arthrobacter sp. 24S4-2,Arthrobacter sp. PAMC 25486,Arthrobacter sp. PM3,Arthrobacter sp. U41,Bacteroides heparinolyticus,Bacteroides zoogleoformans,Bergeyella cardium,Blautia sp. SC05B48,Brachybacterium sp. P6-10-X1,Brachybacterium sp. SGAir0954,Brachybacterium sp. VM2412,Brachybacterium sp. VR2415,Brevibacterium sp. CS2,Capnocytophaga endodontalis,Capnocytophaga gingivalis,Capnocytophaga haemolytica,Capnocytophaga leadbetteri,Capnocytophaga ochracea,Capnocytophaga sputigena,Cellulomonas sp. H30R-01,Cellulomonas sp. JZ18,Cellulomonas sp. PSBB021,Cellulomonas sp. Y8,Christensenella sp. Marseille-P3954,Coprococcus sp. ART55/1,Corynebacterium sp. 2039,Cryobacterium sp. LW097,Flaviflexus sp. H23T48,Gemella haemolysans,Gemella morbillorum,Gemella sanguinis,Georgenia sp. Z294,Georgenia sp. Z443,Georgenia sp. ZLJ0423,Haloactinobacterium sp. HY164,Lachnoclostridium sp. YL32,Lactobacillus paracasei,Leucobacter sp. DSM 101948,Microbacterium sp. L-031,Microlunatus sp. KUDC0627,Miniimonas sp. S16,Mogibacterium diversum,Mogibacterium pumilum,Nocardioides sp. R-3366,Nonomuraea sp. WYY166,Oerskovia sp. KBS0722,Olsenella sp. GAM18,Olsenella sp. oral taxon 807,Ornithinimicrobium sp. AMA3305,Ornithinimicrobium sp. HY006,Paenibacillus sp. RUD330,Porphyromonas asaccharolytica,Porphyromonas gingivalis,Prevotella dentalis,Prevotella denticola,Prevotella enoeca,Prevotella fusca,Prevotella intermedia,Prevotella jejuni,Prevotella melaninogenica,Prevotella oris,Prevotella scopos,Propioniciclava sp. HDW11,Pseudactinotalea sp. HY158,Pseudarthrobacter sp. YJ56,Pseudomonas stutzeri,Raineyella sp. CBA3103,Ruania sp. HY168,Ruminococcus sp. SR1/5,Sanguibacter sp. HDW7,Selenomonas sp. oral taxon 126,Selenomonas sp. oral taxon 136,Selenomonas sp. oral taxon 478,Selenomonas sp. oral taxon 920,Serinicoccus sp. W204,Sorangium cellulosum,Streptococcus anginosus,Streptococcus constellatus,Streptococcus dysgalactiae,Streptococcus equi,Streptococcus intermedius,Streptococcus sp. 116-D4,Streptococcus sp. 1643,Streptococcus sp. A12,Streptococcus sp. CNU G3,Streptococcus sp. DAT741,Streptococcus sp. FDAARGOS_192,Streptococcus sp. I-G2,Streptococcus sp. I-P16,Streptococcus sp. LPB0220,Streptococcus sp. NCTC 10228,Streptococcus sp. NCTC 11567,Streptococcus sp. NPS 308,Streptococcus sp. oral taxon 064,Streptococcus sp. oral taxon 431,Streptococcus sp. VT 162,Streptococcus sp. Z15,Streptomonospora sp. M2,Tannerella forsythia,Tessaracoccus sp. T2.5-30,uncultured Actinoallomurus sp.,Xylanimicrobium sp. FW10M-9,[Clostridium] hiranonis,[Clostridium] scindens,[Eubacterium] minutum,[Eubacterium] rectale,[Eubacterium] siraeum,[Eubacterium] sulci,[Pasteurella] aerogenes,[Ruminococcus] gnavus,[Ruminococcus] torques,Acidaminococcus fermentans,Acidaminococcus intestini,Acidipropionibacterium acidipropionici,Acidipropionibacterium jensenii,Acidipropionibacterium virtanenii,Actinomyces gaoshouyii,Actinomyces gerencseriae,Actinomyces hongkongensis,Actinomyces howellii,Actinomyces israelii,Actinomyces naeslundii,Actinomyces oris,Actinomyces pacaensis,Actinomyces qiguomingii,Actinomyces radicidentis,Actinomyces slackii,Actinomyces succiniciruminis,Actinomyces viscosus,Actinopolyspora erythraea,Actinotignum schaalii,Adlercreutzia equolifaciens,Aeromicrobium erythreum,Agromyces flavus,Anaerobutyricum hallii,Anaerococcus mediterraneensis,Anaerolineaceae bacterium oral taxon 439,Anaerostipes hadrus,Anaerostipes rhamnosivorans,Arabia massiliensis,Arthrobacter crystallopoietes,Atopobium parvulum,Auraticoccus monumenti,Austwickia chelonae,Beutenbergia cavernae,Bifidobacterium adolescentis,Bifidobacterium angulatum,Bifidobacterium bifidum,Bifidobacterium breve,Bifidobacterium catenulatum,Bifidobacterium dentium,Bifidobacterium gallinarum,Bifidobacterium longum,Blautia obeum,Blautia producta,Brachybacterium faecium,Brachybacterium ginsengisoli,Brachybacterium saurashtrense,Brevibacterium aurantiacum,Brevibacterium linens,butyrate-producing bacterium SM4/1,butyrate-producing bacterium SS3/4,Butyrivibrio fibrisolvens,Butyrivibrio hungatei,Butyrivibrio proteoclasticus,Campylobacter concisus,Campylobacter curvus,Campylobacter gracilis,Campylobacter rectus,Campylobacter showae,Candidatus Frankia datiscae,Cellulomonas fimi,Cellulomonas flavigena,Cellulomonas shaoxiangyii,Cellulosimicrobium cellulans,Clavibacter michiganensis,Clostridiales bacterium CCNA10,Clostridiales genomosp. BVAB1,Clostridioides difficile,Clostridium botulinum,Clostridium perfringens,Clostridium tetani,Collinsella aerofaciens,Coprococcus catus,Coriobacteriaceae bacterium 68-1-3,Coriobacterium glomerans,Corynebacterium frankenforstense,Corynebacterium matruchotii,Corynebacterium vitaeruminis,Cryptobacterium curtum,Cutibacterium acnes,Cutibacterium avidum,Denitrobacterium detoxificans,Dermabacter jinjuensis,Dermacoccus abyssi,Desulfobulbus oralis,Desulfomicrobium orale,Desulfovibrio fairfieldensis,Dialister massiliensis,Dialister pneumosintes,Dietzia psychralcaliphila,Eggerthella lenta,Faecalibacterium prausnitzii,Filifactor alocis,Finegoldia magna,Flaviflexus salsibiostraticola,Friedmanniella luteola,Fusobacterium sp. oral taxon 203,Gardnerella vaginalis,Glaesserella sp. 15-184,Gordonibacter massiliensis,Gordonibacter pamelaeae,Gordonibacter urolithinfaciens,Granulicatella adiacens,Haemophilus sp. oral taxon 036,Herbinix luporum,Hungatella hathewayi,Intrasporangium calvum,Isoptericola dokdonensis,Isoptericola variabilis,Janibacter indicus,Janibacter melonis,Jiangella alkaliphila,Kineococcus radiotolerans,Kocuria flava,Kocuria palustris,Kocuria rosea,Kocuria turfanensis,Kytococcus sedentarius,Lachnoanaerobaculum umeaense,Lachnoclostridium phytofermentans,Lachnospira eligens,Lachnospiraceae bacterium,Lachnospiraceae bacterium Choco86,Lachnospiraceae bacterium GAM79,Lachnospiraceae bacterium KGMB03038,Lachnospiraceae bacterium KM106-2,Lachnospiraceae bacterium oral taxon 500,Lacrimispora saccharolytica,Lacrimispora sphenoides,Lactobacillus agilis,Lactobacillus amylovorus,Lactobacillus delbrueckii,Lactobacillus fermentum,Lactobacillus frumenti,Lactobacillus gasseri,Lactobacillus gastricus,Lactobacillus mucosae,Lactobacillus paragasseri,Lactobacillus plantarum,Lactobacillus reuteri,Lactobacillus salivarius,Lactococcus lactis,Leifsonia xyli,Leptotrichia sp. oral taxon 212,Leptotrichia sp. oral taxon 498,Leptotrichia sp. oral taxon 847,Leucobacter triazinivorans,Libanicoccus massiliensis,Luteimicrobium xylanilyticum,Mageeibacillus indolicus,Mannheimia sp. USDA-ARS-USMARC-1261,Mannheimia sp. ZY170218,Marmoricola scoriae,Megasphaera elsdenii,Megasphaera stantonii,Microbacterium foliorum,Microbacterium sediminis,Micrococcus luteus,Microlunatus phosphovorus,Microlunatus soli,Micropruina glycogenica,Microterricola viridarii,Murdochiella vaginalis,Mycolicibacterium litorale,Nakamurella multipartita,Negativicoccus massiliensis,Neisseria sp. 10022,Neisseria sp. AP206,Neisseria sp. KEM232,Neisseria sp. oral taxon 014,Nocardia cyriacigeorgica,Nocardioides seonyuensis,Nocardiopsis dassonvillei,Nocardiopsis gilva,Olsenella timonensis,Olsenella uli,Olsenella umbonata,Ornithinimicrobium flavum,Ottowia sp. oral taxon 894,Paraoerskovia marina,Parascardovia denticolens,Parolsenella catena,Parvimonas micra,Peptoniphilus harei,Peptostreptococcus anaerobius,Propionibacterium acidifaciens,Propionibacterium australiense,Propionibacterium freudenreichii,Pseudobutyrivibrio xylanivorans,Pseudomonas aeruginosa,Pseudopropionibacterium propionicum,Rathayibacter iranicus,Roseburia hominis,Roseburia intestinalis,Rothia aeria,Rothia dentocariosa,Rothia mucilaginosa,Sanguibacter keddieii,Scardovia inopinata,Schaalia cardiffensis,Schaalia meyeri,Schaalia odontolytica,Schaalia radingae,Selenomonas ruminantium,Selenomonas sputigena,Serinicoccus profundi,Sinomonas atrocyanea,Slackia heliotrinireducens,Stackebrandtia nassauensis,Staphylococcus aureus,Staphylococcus capitis,Staphylococcus cohnii,Staphylococcus epidermidis,Streptococcus acidominimus,Streptococcus agalactiae,Streptococcus australis,Streptococcus canis,Streptococcus cristatus,Streptococcus equinus,Streptococcus ferus,Streptococcus gallolyticus,Streptococcus gordonii,Streptococcus gwangjuense,Streptococcus halotolerans,Streptococcus himalayensis,Streptococcus infantarius,Streptococcus infantis,Streptococcus iniae,Streptococcus koreensis,Streptococcus macedonicus,Streptococcus marmotae,Streptococcus merionis,Streptococcus milleri,Streptococcus mitis,Streptococcus mutans,Streptococcus oralis,Streptococcus pantholopis,Streptococcus parasanguinis,Streptococcus parauberis,Streptococcus pasteurianus,Streptococcus periodonticum,Streptococcus pluranimalium,Streptococcus pneumoniae,Streptococcus porcinus,Streptococcus pseudopneumoniae,Streptococcus pyogenes,Streptococcus respiraculi,Streptococcus salivarius,Streptococcus sanguinis,Streptococcus sinensis,Streptococcus sobrinus,Streptococcus suis,Streptococcus thermophilus,Streptococcus troglodytae,Streptococcus uberis,Streptococcus urinalis,Streptococcus vestibularis,Streptomyces cattleya,Streptomyces tsukubensis,Streptomyces venezuelae,Streptosporangium roseum,Tessaracoccus aquimaris,Tessaracoccus flavescens,Tessaracoccus flavus,Treponema sp. OMZ 804,Treponema sp. OMZ 838,Trueperella bialowiezensis,Trueperella pyogenes,Tsukamurella paurometabola,Veillonella atypica,Veillonella denticariosi,Veillonella dispar,Veillonella parvula,Veillonella rodentium,Waddlia chondrophila,Xylanimonas allomyrinae,Xylanimonas cellulosilytica,[Haemophilus] ducreyi,Achromobacter xylosoxidans,Actinobacillus equuli,Actinobacillus indolicus,Actinobacillus pleuropneumoniae,Actinobacillus porcitonsillarum,Actinobacillus succinogenes,Actinobacillus suis,Aggregatibacter actinomycetemcomitans,Aggregatibacter aphrophilus,Aggregatibacter segnis,Alcanivorax pacificus,Avibacterium volantium,Bibersteinia trehalosi,Bordetella petrii,Candidatus Gracilibacteria bacterium HOT-871,Cardiobacterium hominis,Eikenella corrodens,Eikenella exigua,Escherichia coli,Fretibacterium fastidiosum,Fusobacterium hwasookii,Fusobacterium necrophorum,Fusobacterium nucleatum,Fusobacterium periodonticum,Fusobacterium pseudoperiodonticum,Glaesserella parasuis,Haemophilus haemolyticus,Haemophilus influenzae,Haemophilus parahaemolyticus,Haemophilus parainfluenzae,Haemophilus pittmaniae,Histophilus somni,Kingella kingae,Klebsiella pneumoniae,Lautropia mirabilis,Leptotrichia buccalis,Leptotrichia goodfellowii,Leptotrichia hofstadii,Leptotrichia hongkongensis,Leptotrichia shahii,Leptotrichia trevisanii,Leptotrichia wadei,Mannheimia granulomatis,Mannheimia varigena,Massilia flava,Neisseria animalis,Neisseria animaloris,Neisseria brasiliensis,Neisseria canis,Neisseria chenwenguii,Neisseria cinerea,Neisseria elongata,Neisseria flavescens,Neisseria gonorrhoeae,Neisseria lactamica,Neisseria meningitidis,Neisseria mucosa,Neisseria perflava,Neisseria pharyngis,Neisseria polysaccharea,Neisseria sicca,Neisseria subflava,Neisseria weaveri,Neisseria zalophi,Neisseria zoodegmatis,Otariodibacter oris,Pasteurella multocida,Ralstonia pickettii,Ralstonia solanacearum,Rodentibacter pneumotropicus,Simonsiella muelleri,Sneathia amnii,Streptobacillus moniliformis,Treponema denticola,Treponema phagedenis,Treponema putidum,Variovorax paradoxus,Candidatus Saccharibacteria bacterium FS05P-B,Candidatus Saccharibacteria bacterium FS07P-B,Candidatus Saccharibacteria bacterium FS13P,Candidatus Saccharibacteria bacterium FS14P,Candidatus Saccharibacteria bacterium FS15P,Candidatus Saccharibacteria bacterium FS17P,Candidatus Saccharibacteria bacterium GW2011_GWC2_44_17,Candidatus Saccharibacteria bacterium RAAC3_TM7_1,Candidatus Saccharimonas aalborgensis,Candidatus Saccharibacteria genomosp. TM7-H1,TM7 phylum sp. oral taxon 488,TM7 phylum sp. oral taxon 955,TM7 phylum sp. oral taxon 957,uncultured bacterium,subCST,Pct CST0,Pct CST1,Pct CST2
Sample_2,1439030,580,0,202,0,544,0,1126,0,328,459,600,916,723,1778,259746,360,41043,295,0,0,0,0,0,0,0,1359,214,0,0,0,0,0,0,0,272,0,0,660,0,929,0,0,0,0,0,0,0,0,0,10668,132003,3621,0,0,0,0,0,0,0,0,0,0,243,906,0,0,0,0,35117,0,0,0,0,5889,0,0,0,0,1783,0,230,280,0,0,0,0,0,0,0,0,0,9852,1204,1096,27159,0,0,7217,2405,753,1613,3369,2597,7597,400,0,0,0,381,0,303,367,0,9965,4213,2854,9513,0,0,22305,0,0,0,0,0,3211,0,0,4263,0,0,0,0,0,0,0,0,532,0,852,1423,0,488,542,0,539,1406,1100,263,3792,0,0,0,0,0,0,0,33808,0,0,0,0,0,0,0,0,0,0,0,0,0,0,0,0,0,0,0,0,0,0,0,0,0,0,0,0,537,0,2021,221,42136,0,0,0,0,0,0,0,0,484,0,0,0,0,0,0,0,0,0,0,0,0,0,0,0,0,7233,2838,607,0,0,0,0,239,26090,0,0,0,0,0,0,0,0,0,0,729,0,0,0,0,0,0,0,0,0,0,0,0,0,0,1045,0,0,0,0,0,0,0,5910,215,0,0,0,0,0,0,0,0,0,0,0,0,258,0,0,2187,0,0,0,0,0,0,0,0,0,0,0,0,0,0,0,0,0,0,213,0,0,0,0,0,0,1059,0,0,0,0,0,0,0,0,520,0,0,0,22573,0,386,215,0,0,0,0,16528,0,0,0,0,0,0,0,0,7945,0,0,0,0,12128,0,0,0,0,0,886,0,0,0,689,18854,0,52372,0,261,0,20270,3655,0,242,0,0,0,420,0,0,0,4128,18214,1016,95180,0,745,0,0,1844,0,16047,564,2069,1569,206,1898,23426,649,0,1471,612,0,0,0,0,0,0,0,0,0,0,0,757,893,0,0,0,0,0,336,8066,0,0,0,0,0,0,0,0,0,0,0,0,3220,35115,141764,0,0,0,0,0,8050,22809,2418,412,20714,598,982,4620,0,563,0,3249,5020,0,10182,745,0,0,0,17237,398,818,0,0,0,438,249,0,0,0,0,0,0,0,0,218,2214,0,548,367,459,7808,0,0,0,0,559,0,0,0,0,4175,0,0,0,0,0,285,2155,0,749,0,2707,2781,1783,6888,1778,6587,0,0,207,0,2173,5990,1603,5483,CST0,0.9036912,0.04794056,0.048368312
Sample_22,1836841,623,262,304,0,0,0,21426,0,250,362,480,655,533,4712,196274,441,228533,200,0,0,0,0,0,0,0,0,0,0,0,0,0,0,0,0,242,355,0,740,209,593,0,0,0,0,0,0,0,0,0,230,7277,0,0,0,0,0,0,0,0,0,0,0,3440,455,0,0,0,0,66772,0,0,0,0,232,0,630,446,301,3957,850,5334,1665,690,0,0,0,0,0,0,0,0,88139,13099,13559,60401,0,0,21476,1266,233,1126,2814,455,1272,553,0,0,0,220,237,1745,0,0,1135,752,1364,1241,0,0,762,0,0,0,0,0,0,0,0,4336,0,0,0,0,0,0,0,0,366,0,2422,1047,0,1689,1939,0,364,1064,889,309,6663,0,0,0,0,0,0,0,0,0,0,0,0,1621,0,0,0,0,0,0,0,0,0,0,0,0,237,0,0,0,0,0,0,272,0,0,0,22315,532,6567,0,66745,0,0,0,0,0,0,0,0,403,0,0,0,0,0,0,0,0,37080,0,0,0,0,0,0,0,0,0,0,0,607,0,0,574,1928,0,0,0,0,0,0,0,0,0,0,0,0,0,0,0,0,0,0,0,0,0,0,0,0,0,7386,0,241,346,0,0,0,0,391,0,0,0,0,0,0,0,0,0,0,0,0,0,0,0,0,4582,4088,644,0,0,0,200,0,0,0,0,0,0,0,0,0,0,0,0,0,0,0,0,343,0,1280,4206,0,0,0,0,0,1212,0,0,463,0,0,0,1832,0,0,1948,0,0,0,0,5151,0,0,0,0,0,205,0,0,0,484,9331,0,290,145798,0,0,0,0,554,0,0,0,0,0,2153,0,80445,0,246,0,16362,435,0,244,0,0,0,0,0,0,0,5410,1953,330,12958,0,10656,0,0,6404,0,1673,0,239,436,0,1211,36757,0,268,1541,558,0,0,0,0,0,0,0,0,0,0,0,1035,630,0,0,0,90656,0,13637,194814,3158,0,0,0,0,0,0,0,0,0,0,0,416,3763,11623,0,0,0,0,0,1186,8666,1371,0,8707,427,0,4355,0,1005,0,0,204,0,821,0,0,1748,717,4579,6226,0,1807,814,1008,1817,9445,0,0,0,463,412,390,340,725,1099,49840,4905,882,1632,4700,35073,0,0,651,0,19931,280,0,338,0,585,0,1677,0,234,0,0,863,0,0,0,8023,7937,5003,617,5461,1061,0,0,271,0,6396,615,5245,4012,CST1,0.3177764,0.5222425,0.15998112
Sample_23,1157257,0,1121,1404,0,0,0,13266,0,511,732,740,2849,890,13930,191500,17419,23691,278,0,0,0,0,0,0,0,0,0,0,0,0,0,0,0,0,602,257,0,0,872,1936,0,0,0,0,0,0,0,0,0,290,14594,0,0,0,0,0,0,0,0,0,0,0,321,592,0,0,0,0,20731,0,0,0,0,0,0,0,225,390,4114,0,317,248,0,0,0,0,0,0,0,0,0,14039,1810,1719,11829,0,0,2169,620,0,416,1071,0,644,0,0,0,0,0,0,0,0,348,858,344,294,646,0,0,254,0,0,0,0,0,1208,0,0,0,0,0,0,0,0,0,0,0,1345,0,13069,1747,330,4166,4497,0,654,1763,1906,411,29236,0,0,0,0,0,0,0,1454,0,0,0,0,0,0,0,0,0,0,0,0,0,234,0,0,0,0,0,0,0,0,0,0,0,0,0,0,586,0,1358,0,3841,0,0,0,0,0,0,0,0,0,0,0,0,0,0,0,0,0,18622,0,0,0,0,0,0,0,1750,0,0,0,0,0,0,0,6069,0,0,0,1268,0,0,0,0,0,0,0,0,0,0,0,0,0,0,0,0,0,0,0,0,0,1894,0,0,0,0,0,0,0,1485,0,0,0,0,0,0,0,0,0,0,0,0,0,0,0,0,19956,608,561,0,0,0,0,0,0,0,0,0,0,0,0,0,0,0,0,0,0,0,0,0,0,383,10702,0,0,0,0,0,0,0,0,0,0,0,0,7088,0,0,807,0,215,0,0,266635,0,0,0,212,529,0,0,0,329,448,1880,0,0,30029,0,0,0,0,4135,846,0,0,0,0,1111,0,21177,0,0,0,21209,248,0,0,0,0,0,0,0,0,0,675,960,218,6135,0,235,0,0,664,0,1399,0,0,227,0,299,41669,0,0,453,0,0,0,0,0,0,0,0,0,0,376,286,594,1272,0,0,0,823,0,2399,25402,691,0,0,0,0,0,0,0,0,0,0,0,261,1986,886,0,0,0,0,0,25668,7119,1022,0,6599,7478,376,29071,288,3260,0,0,227,0,863,0,0,0,0,23424,36672,341,6382,3233,1823,9338,5004,0,0,0,0,0,0,0,0,510,4485,533,692,554,1607,25605,0,0,257,0,1704,0,0,0,0,3779,0,0,0,0,0,0,496,0,0,0,1865,2061,1352,2095,2651,2263,0,0,0,0,1824,1966,1088,4890,CST0,0.6114352,0.002637483,0.38592735
Sample_24,3377219,558,688,827,727,414,211,7204,0,1233,1374,2099,9522,2479,27230,591248,4709,78818,963,0,0,0,0,0,0,0,0,0,0,0,0,0,0,0,0,872,819,0,562,559,3198,0,0,0,0,0,0,0,0,0,4586,167177,2542,0,0,0,0,0,0,0,0,0,0,625,730,0,0,0,0,61310,0,0,0,0,962,0,0,289,296,11503,0,600,1821,0,233,0,0,0,0,0,0,0,18976,3602,3488,24011,0,0,22529,3743,373,1357,9166,672,2862,1340,0,0,0,479,529,994,414,0,4329,1541,1054,3141,0,0,515,0,0,0,0,0,1225,0,0,1004,0,0,0,0,0,227,209,0,4847,0,13846,5287,836,12603,14255,0,1937,5083,4596,1038,35287,0,0,0,0,0,0,0,0,0,0,0,0,0,0,0,0,0,0,0,0,0,0,0,0,0,0,0,0,0,0,0,0,0,0,0,0,6901,210,2370,0,13840,0,0,0,0,0,0,0,0,840,0,0,0,0,0,0,0,0,178294,0,0,0,0,0,0,0,0,0,0,0,722,0,0,293,40533,225,0,0,1732,0,0,0,0,0,234,0,0,0,0,0,0,0,0,0,0,0,0,0,0,0,22062,0,0,0,0,0,0,0,5734,0,0,0,0,0,0,0,0,0,0,0,0,0,0,0,0,66102,1403,1176,0,0,0,0,0,0,0,0,0,0,0,0,0,0,223,0,0,0,0,0,0,0,340,2689,0,0,0,0,0,215,0,0,0,0,0,0,24497,0,0,702,441,390,0,0,299090,0,0,0,268,523,506,0,0,381,399,2692,0,0,36383,0,0,0,0,0,0,0,0,0,394,5367,0,79742,0,0,230,257601,989,0,0,0,0,0,1211,0,0,0,7236,4150,1523,29794,0,970,0,0,11262,0,4006,941,442,764,0,1831,60161,0,395,666,315,0,0,0,0,0,0,0,0,0,244,0,2959,1451,0,0,0,9310,0,17527,462456,5209,298,0,0,0,0,0,0,0,0,0,0,489,7363,14479,0,0,0,0,0,7308,9033,1067,0,6619,20518,912,115793,1556,15992,0,555,535,0,3965,0,0,0,0,24786,28336,1519,21711,9757,3290,25694,12607,0,0,0,0,0,0,0,0,368,6737,323,1026,494,1541,35550,0,0,256,0,1601,0,0,0,0,6093,0,0,0,0,0,0,4314,0,990,0,15225,30759,9923,1758,10010,2033,0,276,319,251,12666,2593,9694,10298,CST0,0.69358325,0.072988614,0.23342808
Sample_25,2348506,0,1175,1379,0,238,0,1342,315,2282,3802,3674,8368,4676,98701,145290,265501,15005,1676,0,0,0,0,0,0,0,0,0,0,0,0,225,0,0,0,667,1290,0,0,796,2249,0,0,0,0,0,0,0,0,0,2728,4306,339,403,475,347,0,0,0,0,0,0,301,876,1021,0,0,215,0,16017,0,0,0,0,1788,0,1698,1263,0,2518,287,994,1054,0,0,0,0,0,0,0,0,0,838,379,322,716,0,0,3191,770,229,417,12100,698,2241,296,0,0,0,0,0,1454,0,0,2455,1723,825,2848,0,0,9634,0,0,0,0,0,25763,0,0,0,0,0,0,0,0,333,258,267,4815,0,5756,9605,2177,48631,54460,0,3419,9916,8076,1833,72480,0,0,0,0,0,0,0,5749,0,0,0,0,3725,0,0,0,0,0,0,0,0,205,0,0,0,0,0,0,0,0,0,0,0,0,0,0,686,0,11902,0,7972,0,0,0,0,0,0,0,0,0,0,0,0,0,0,0,0,0,79310,0,0,0,204,0,0,0,22529,0,0,0,0,0,0,0,5400,0,236,0,44190,0,0,0,0,0,0,0,0,0,0,0,0,0,0,0,0,0,0,0,0,0,650,0,0,0,0,0,0,0,1524,0,0,0,0,0,0,0,0,0,1928,0,0,0,0,0,0,3297,935,3231,0,0,0,0,0,0,0,0,0,0,0,0,0,0,0,0,0,0,0,0,0,0,847,27861,0,0,0,0,0,650,0,0,4589,0,2409,0,15783,0,0,42730,905,315,0,0,293971,0,0,0,20952,85955,767,0,396,457,11806,1441,0,0,1541,0,0,0,0,0,0,0,0,0,0,3592,0,50657,0,0,0,106562,1217,0,0,0,0,0,0,0,0,0,1622,5780,24904,20299,0,1771,0,0,320,0,3139,0,462,344,0,1354,71347,0,0,595,342,0,0,0,524,0,0,265,0,0,481,0,693,437,0,0,0,1989,310,5932,123102,67979,395,236,0,0,0,0,0,0,0,0,0,2924,2259,1617,0,0,0,0,0,8822,13664,10421,0,4801,3488,459,102162,231,2780,0,371,253,0,5356,0,0,0,0,17031,673,321,2462,2870,302,2074,4160,0,0,0,0,0,0,0,0,435,21237,1180,1424,807,2023,16582,0,0,307,0,4846,0,0,0,0,0,0,0,0,0,0,0,3065,0,907,0,1167,1158,732,0,873,0,0,0,0,0,1077,0,491,12790,CST2,0.1364341,0.00040421847,0.86316174
Sample_26,1837726,303,624,662,0,0,0,0,0,542,976,1205,2031,1526,4692,786431,2014,149076,554,0,0,0,0,0,0,0,0,0,0,0,0,0,0,0,0,647,558,0,337,738,2083,0,0,0,0,0,0,0,0,0,1538,27803,709,0,0,0,0,0,0,0,0,0,0,1475,505,0,0,0,0,9602,0,0,0,0,346,0,238,290,213,8610,733,5163,967,689,0,0,0,0,0,0,0,0,18294,8316,7665,23518,0,0,23576,2517,0,406,5894,288,1658,0,0,0,0,0,0,0,292,0,1488,970,378,1747,0,0,0,0,0,0,0,0,468,0,0,1189,0,0,0,0,0,0,0,0,1008,0,18598,2960,415,1696,2071,0,1179,3001,2280,622,6849,0,0,0,0,0,0,0,778,0,0,0,0,0,0,0,0,0,0,0,0,0,0,0,0,0,0,0,0,0,0,0,0,0,0,0,0,4445,0,1727,0,1785,0,0,0,0,0,0,0,0,233,0,0,0,0,0,0,0,0,17903,0,0,0,0,0,0,0,724,545,0,0,677,0,0,499,18776,0,0,0,249,0,0,0,0,0,0,0,0,0,0,0,0,0,0,0,0,0,0,0,0,0,2991,0,0,0,0,0,0,0,1068,0,0,0,0,0,0,0,0,0,0,0,0,0,0,0,0,678,1620,498,0,0,0,0,0,0,0,0,0,0,0,0,0,0,0,0,0,0,0,0,0,0,0,1645,0,0,0,0,0,278,0,0,0,0,0,0,6294,0,0,490,0,0,0,0,20258,0,0,0,0,723,0,0,0,207,578,1178,0,0,25563,0,0,0,0,0,1298,0,0,0,0,1990,0,19549,0,0,0,52596,425,0,0,0,0,0,0,0,0,0,5970,1781,201,13957,0,353,0,0,4546,0,1574,0,0,264,0,468,15624,0,216,326,0,0,0,0,0,0,0,0,0,0,0,0,1865,963,0,0,0,2471,0,9704,264393,2885,288,0,0,0,0,0,0,0,0,0,0,0,2212,5052,0,0,0,0,0,4726,5072,768,487,5087,933,0,18208,0,1123,0,200,296,0,5343,0,0,0,0,4490,10090,0,3329,1322,985,3004,10935,0,0,0,0,0,0,0,0,388,4120,2154,845,328,1254,21866,0,0,0,0,10035,0,0,0,0,5450,0,0,0,0,0,0,1463,0,411,0,4634,4342,2847,1012,3501,928,255,454,843,0,3828,950,4293,8523,CST2,0.004081601,8.008701e-05,0.9958383
Sample_27,2131156,1517,771,832,559,671,235,9238,0,545,688,939,2525,1157,9196,125801,1732,101615,380,0,0,0,0,0,0,0,0,206,0,0,0,0,0,0,0,730,6182,0,1640,664,3291,0,0,0,0,0,0,0,0,0,3384,78793,1353,0,0,0,0,0,0,0,0,0,0,929,1432,0,0,0,0,15050,0,0,0,0,4151,512,891,0,0,11732,0,276,1173,0,0,0,0,0,0,0,0,0,61980,4651,4699,35660,0,0,12266,3504,2229,1654,6715,2396,5921,1082,0,0,0,636,272,410,674,0,7291,4160,3022,6986,0,0,964,0,0,0,0,0,4545,0,0,1558,420,0,0,0,0,0,0,0,1391,0,6514,2182,438,3603,4127,0,875,2245,2571,496,12588,0,0,0,0,0,0,0,1632,0,0,0,0,0,0,0,0,0,0,0,0,0,0,0,0,0,0,0,0,0,0,0,0,0,0,0,0,2316,0,1608,0,29696,0,0,0,0,0,0,0,0,687,0,0,0,0,0,0,0,0,51379,0,0,0,0,0,0,0,290,269,0,0,380,0,0,0,18362,0,0,0,1699,0,0,0,0,0,331,484,0,0,0,0,0,0,0,0,0,0,0,0,0,0,9105,0,0,0,0,0,0,0,9357,0,0,0,0,0,0,0,0,0,0,0,0,0,0,0,0,29096,527,694,0,0,0,0,0,0,0,0,0,0,0,0,0,0,0,0,257,0,0,351,477,0,2277,22665,0,0,0,0,0,1289,0,0,0,0,0,0,20448,0,0,217,0,0,0,0,54463,0,0,0,1942,4506,0,0,0,0,658,3202,0,0,87305,0,0,0,0,4992,1106,0,0,0,0,10852,303,170564,0,413,257,34575,4688,0,472,0,0,409,414,0,0,236,5468,24235,1289,59649,0,1256,0,0,1589,613,14082,549,1826,0,302,2506,135217,0,251,2913,829,0,0,0,605,0,0,0,0,0,0,0,582,566,0,0,0,46136,0,5224,84075,1537,212,0,0,0,0,0,0,0,0,358,0,1165,28573,6370,0,242,0,0,0,43956,11594,1683,510,10982,17937,586,38551,555,5997,0,1499,1442,203,12207,513,432,1112,0,127776,12357,1052,15223,4482,1414,12192,5248,0,0,0,719,545,711,450,1160,5753,80479,3930,4163,4244,15465,0,0,0,2020,0,18634,471,306,492,0,4819,0,0,219,0,0,0,1045,0,254,0,4550,4446,2909,3075,3232,2859,0,209,0,0,3644,2867,3480,7519,CST0,0.7959921,0.010847544,0.19316037
Sample_28,1020066,281,483,543,0,879,0,29936,0,389,683,609,5771,772,10582,90534,11724,44727,277,0,0,0,0,0,0,0,0,0,0,0,0,0,0,0,0,264,277,0,366,383,496,0,0,0,0,0,478,0,0,0,0,2442,0,0,0,0,0,0,0,0,0,0,0,6029,1947,0,0,0,0,18766,0,0,0,0,0,0,396,536,0,1676,517,2803,742,420,0,0,0,0,0,0,337,0,25140,11589,14569,18869,0,0,10614,717,246,1819,1402,0,599,0,0,0,0,0,0,849,526,0,317,0,330,365,0,0,0,0,0,0,0,0,251,0,394,7876,0,296,0,0,0,0,0,0,2861,0,4223,1586,278,5712,6720,0,593,1790,1550,341,13546,0,0,0,0,0,1301,427,0,0,0,0,0,1518,0,0,0,0,0,0,0,0,259,0,0,411,0,0,0,0,0,0,1521,1090,232,0,0,14497,0,3958,0,20403,0,0,0,0,0,0,0,1498,740,309,0,0,0,404,0,0,0,9870,0,0,0,0,0,0,0,0,0,0,0,0,0,0,5646,3612,0,0,0,208,0,0,0,0,0,0,0,0,0,0,0,0,0,0,0,0,0,0,0,0,0,0,0,815,389,0,0,256,0,2109,2304,0,0,0,0,0,0,0,0,0,0,0,0,0,0,0,6581,13846,3209,0,0,0,0,0,0,0,0,0,0,0,0,0,0,0,0,0,0,0,322,0,0,744,2113,0,0,0,0,0,4072,0,0,270,0,0,0,8428,310,0,40155,1711,0,0,0,87716,0,300,714,0,819,206,0,0,0,750,3040,0,201,46783,0,0,0,0,407,0,0,0,0,253,388,0,12656,0,0,0,37614,0,0,0,0,0,0,0,0,0,0,1686,434,14169,3108,0,2882,0,0,3190,0,607,0,0,512,0,1850,6860,0,5158,328,0,0,0,0,0,0,0,0,0,0,0,0,228,0,0,0,0,25313,0,28081,0,8183,0,0,0,299,0,0,0,0,0,0,0,0,300,432,0,0,0,0,0,6525,2602,324,0,7037,646,1280,19822,0,1351,0,0,464,0,2484,0,0,264,382,1519,6079,0,5925,2474,3567,3894,44976,0,0,0,0,0,0,0,0,454,16004,581,391,705,1890,44283,0,0,239,0,2333,0,0,0,0,365,0,1003,0,0,0,0,0,0,0,0,460,437,335,255,387,281,0,0,0,0,417,232,1357,12004,CST0,0.7718584,0.18720396,0.04093768
Sample_29,1670929,0,541,508,0,228,264,78364,0,995,2480,1703,6786,1921,19344,286087,28693,16877,680,0,0,0,0,0,0,0,0,0,0,0,0,0,0,0,0,221,285,0,0,357,1017,0,0,0,0,0,0,0,0,0,1139,32485,467,0,0,0,0,201,0,0,0,0,0,3239,1488,0,0,0,0,13879,0,0,0,340,813,0,272,339,266,1661,2256,5488,880,700,0,0,0,0,0,0,0,0,12354,4876,4330,13530,0,0,5592,1251,0,438,6636,242,960,0,0,0,0,0,0,0,0,0,1170,639,338,1164,0,0,0,208,0,0,0,0,747,0,0,1039,0,0,222,0,0,0,0,0,3499,0,7597,4046,666,5459,5962,0,1546,4223,3413,824,28587,0,0,0,0,0,301,0,0,259,0,0,0,439,0,0,0,0,0,0,0,0,0,0,0,0,0,0,0,0,0,0,0,241,0,0,0,3924,0,5182,0,23786,0,0,0,0,0,0,0,0,347,0,0,0,0,0,0,0,0,122729,0,0,0,0,0,0,0,521,0,0,0,300,0,0,962,5867,0,0,0,391,0,0,0,0,0,0,0,0,0,0,0,0,0,0,0,0,0,0,0,0,0,7226,0,0,0,0,0,0,0,788,295,0,0,0,0,0,0,0,0,0,0,0,0,0,0,0,23589,6233,1426,0,0,0,0,0,0,0,0,0,0,0,0,0,0,0,0,0,0,0,0,0,0,825,33963,0,0,0,0,0,203,0,0,0,0,0,0,5542,0,0,429,267,0,0,0,147380,0,0,0,1983,5424,0,0,0,236,256,344,0,0,7314,0,0,0,0,2519,608,0,0,0,0,2259,0,30562,0,0,0,13853,328,0,0,0,0,0,0,0,0,0,2871,1377,278,11371,0,212,0,0,648,0,1315,0,0,215,0,0,34309,0,0,0,0,0,0,0,0,0,0,0,0,0,392,298,223,0,0,0,0,1717,0,6294,162430,1519,0,0,0,0,0,0,0,0,0,0,0,839,7597,22932,0,0,0,0,0,52214,6982,1225,0,749,2271,244,20919,219,1898,0,457,714,0,1868,0,0,582,0,77108,17668,5650,15479,4536,1796,9172,15568,0,0,0,263,0,210,0,335,680,10744,3771,922,1070,2920,18196,0,0,409,0,16063,0,0,0,0,2939,0,0,0,0,0,0,0,0,0,0,3701,3554,2300,438,2954,430,0,0,0,0,3266,398,2361,4926,CST2,0.14509167,0.0009759418,0.8539324
Sample_3,1641974,0,596,523,0,914,0,19022,0,539,676,1032,2605,1210,3659,331110,1559,189287,441,0,0,0,0,0,0,0,0,0,0,247,0,0,0,0,0,0,0,0,0,323,264,0,0,0,0,0,0,0,0,0,2520,13377,565,0,0,0,0,340,0,0,0,0,0,8260,2209,0,0,0,0,85274,0,0,0,0,518,426,4770,584,346,3638,1141,3359,5558,599,0,0,0,0,0,0,387,0,50377,21772,24658,35653,0,0,7006,2691,0,996,2355,0,709,0,0,0,0,0,0,0,399,0,508,373,0,714,0,0,238,0,0,0,0,436,2696,0,0,6193,0,213,0,0,0,0,0,0,1326,0,7012,2529,478,1252,1380,0,974,2547,1944,558,6101,0,0,0,0,0,0,0,3311,0,0,0,0,2418,0,0,0,0,0,0,0,0,6160,0,0,260,0,0,0,0,0,0,0,0,0,0,270,40390,318,8008,0,17939,0,0,0,0,0,0,0,0,383,0,0,0,210,496,0,0,0,6081,0,0,0,0,0,0,0,405,290,2461,0,1927,0,0,2748,11059,0,0,0,0,0,0,0,0,0,0,0,331,454,0,0,0,0,0,0,0,0,0,0,0,0,25245,211,464,242,346,0,0,244,2090,937,0,0,0,0,0,0,0,0,0,0,0,0,0,0,0,3763,8898,1706,0,0,0,697,0,0,0,0,0,0,0,0,0,0,0,0,0,0,0,563,0,0,0,885,0,0,0,0,0,12398,0,0,0,0,0,0,25981,0,0,40341,665,0,0,0,26819,0,0,335,402,1027,2649,0,0,4899,347,2531,0,410,100577,0,0,0,0,1286,290,0,0,0,363,548,0,3988,0,0,0,5167,0,0,0,0,0,0,0,0,0,0,5510,717,360,5479,0,378,0,0,1292,0,677,0,0,267,0,688,7298,0,0,316,0,0,0,0,0,0,0,0,0,0,0,0,2136,1213,0,0,0,34187,0,7005,144394,1716,0,0,0,0,0,0,0,0,0,0,0,309,2410,6832,0,0,0,0,0,1359,1274,211,286,10102,392,281,10737,0,447,0,215,357,0,4185,0,0,0,0,59545,1160,250,2816,1654,1649,1716,18905,0,0,0,0,0,0,0,0,0,2077,378,232,0,449,6092,0,0,0,0,1557,0,0,0,0,1186,0,0,0,0,383,0,286,0,0,0,4500,3694,1889,1863,2673,1352,454,655,1276,423,4513,787,4587,4744,CST0,0.48287845,0.15370114,0.36342043
Sample_30,1038456,0,0,0,0,0,0,1591,0,0,0,0,248,389,1166,6752,1229,6355,0,0,0,0,0,0,0,0,0,0,0,0,0,0,0,0,0,0,726,0,0,0,0,0,0,0,0,0,0,0,0,0,214,2125,380,0,0,0,0,0,0,0,0,0,0,724,0,0,0,0,0,88381,0,0,0,0,0,224,11768,308,0,1213,0,598,4848,0,0,0,0,0,0,0,0,0,3507,5815,4347,3635,0,0,776,203,0,356,565,0,622,550,0,0,0,0,0,219,0,0,459,373,583,670,0,0,0,0,0,0,0,0,0,0,0,0,0,0,0,0,0,0,0,0,0,0,0,0,0,736,793,0,483,0,0,0,1395,0,0,0,0,0,0,0,0,0,0,0,0,409,0,0,0,0,0,0,0,0,0,0,0,0,0,0,0,0,0,0,0,0,0,0,0,423,0,637,0,1085,0,0,0,0,0,0,0,0,0,0,0,0,0,0,0,0,0,1187,0,0,0,0,0,0,0,0,0,0,0,0,0,0,205,0,0,0,0,0,0,0,302,402,374,0,0,0,0,0,0,0,0,0,0,0,0,0,0,0,0,0,0,0,0,0,0,0,0,0,0,0,0,0,0,0,0,204,0,328,0,0,0,0,0,0,2063,3217,561,0,0,0,0,0,0,0,0,0,0,0,0,0,0,0,0,0,0,0,0,0,0,821,55289,0,0,0,0,0,0,0,0,0,0,0,0,0,0,0,0,0,0,0,0,6255,0,0,0,12181,29720,2802,0,0,0,0,0,0,330,36298,0,0,0,0,0,0,0,0,0,0,833,0,9664,0,0,0,59209,0,0,0,0,0,0,0,0,0,0,283,691,191709,5099,0,455,0,0,0,0,545,0,0,0,0,465,47723,0,0,0,0,1357,0,0,0,0,0,0,0,0,0,0,0,0,0,0,0,1957,0,8105,195766,2946,0,0,0,0,0,0,0,0,0,0,0,0,902,772,0,0,0,0,0,8573,6922,986,0,0,329,0,3243,0,0,0,0,235,0,6183,0,0,569,294,112635,555,0,829,2275,1261,1051,15305,0,0,0,243,0,214,0,265,763,4896,867,447,870,2168,22230,0,0,338,0,2372,0,0,0,0,264,0,559,0,0,0,0,0,0,0,0,0,0,0,0,0,0,0,0,0,0,0,0,0,1815,CST2,0.00056748535,2.9242804e-07,0.99943227
Sample_31,1886764,376,875,969,0,0,0,43860,0,2258,5081,4089,5983,4595,21108,215028,10431,34801,1837,0,0,0,0,0,0,0,0,0,0,0,223,0,0,0,0,592,405,0,365,532,845,0,0,0,0,0,0,0,0,0,313,7170,0,478,474,317,210,0,0,0,0,0,290,975,0,0,0,225,0,13328,0,0,0,0,0,0,0,0,0,1294,256,1380,323,224,217,221,0,0,0,0,0,0,11791,3069,2793,15031,0,0,2819,347,0,273,6818,0,1068,209,0,0,0,0,0,0,0,0,1078,676,348,1306,0,0,225,243,0,0,0,0,0,0,0,449,0,0,0,0,0,282,229,263,3624,225,10707,10074,1646,10293,11185,0,3575,11200,7452,1995,31897,0,0,0,0,0,0,0,0,0,0,0,0,719,0,0,0,0,0,0,0,0,0,0,0,0,0,0,0,0,0,0,0,0,0,0,0,1414,236,8204,0,9462,0,0,0,0,0,256,0,0,0,0,0,0,0,0,0,0,0,283122,0,0,0,0,0,0,0,0,0,0,0,0,0,0,0,498,0,227,0,1660,0,0,0,0,0,0,0,0,0,0,0,0,0,0,0,0,0,0,0,0,0,3544,0,0,0,0,0,0,0,272,0,0,0,0,0,0,0,0,0,0,0,0,0,0,0,0,58107,11611,3707,0,0,0,0,0,0,0,0,0,0,0,0,0,0,0,0,0,0,0,0,0,0,459,7347,0,0,0,0,0,0,0,0,1087,0,0,0,1670,0,0,767,573,289,0,0,184318,0,0,0,1306,13701,269,0,0,234,503,2114,0,0,6693,0,0,0,0,1798,438,0,0,0,0,1575,0,54480,0,0,0,28966,274,0,0,0,0,0,0,0,0,0,641,1237,0,11187,0,242,0,0,380,0,1273,0,0,346,0,366,46245,0,0,0,0,0,0,0,0,0,0,240,0,0,225,0,476,0,0,0,0,1759,0,3291,86265,11631,0,263,0,0,0,0,0,0,0,0,0,207,2591,1975,0,0,0,0,0,34599,7378,1413,0,673,4679,0,42859,539,4274,0,0,0,0,1731,0,0,227,0,76768,29626,4670,76020,50516,6290,34146,44275,0,0,0,0,0,0,0,210,253,4655,213,390,331,1097,14085,0,0,0,0,993,0,0,0,0,1829,0,0,0,0,0,0,0,0,0,0,6910,6410,4417,2063,5336,1958,0,0,0,0,6789,2165,4745,3354,CST2,0.25852984,0.0012051038,0.7402651
Sample_32,1634234,0,1772,1802,0,0,0,86582,0,916,1333,1890,2712,2044,18055,0,487,156493,870,0,0,0,0,0,0,0,0,0,0,0,0,0,0,0,0,346,0,0,224,1217,676,0,0,0,0,0,0,0,0,0,202,8315,0,0,0,0,0,0,0,0,0,0,0,0,0,0,0,0,0,257471,0,0,0,0,203,0,400,0,330,1347,1184,10363,493,1024,0,0,0,0,0,0,0,0,37982,9709,8879,44706,0,0,261,0,0,0,1302,0,366,0,0,0,0,0,0,0,0,0,522,203,310,351,0,0,304,0,0,0,0,0,0,0,0,256,0,0,0,0,0,0,0,0,1553,0,20547,5120,623,5612,6181,0,1758,4524,3692,1104,25887,0,0,0,0,0,0,0,0,0,0,0,0,0,0,0,0,0,0,0,0,0,0,0,0,0,0,0,0,0,0,0,0,0,0,0,0,7214,0,32228,0,23546,0,0,0,0,0,0,0,0,0,0,0,0,600,0,0,0,0,247271,0,0,0,0,0,0,0,0,0,0,0,0,0,0,0,0,0,0,0,0,0,0,0,0,0,0,0,0,0,0,0,0,0,0,0,0,0,0,0,0,0,2104,0,0,0,0,0,0,0,0,0,0,0,0,0,0,0,0,0,0,0,0,0,0,0,0,6602,8074,953,0,0,0,0,0,0,0,0,0,0,0,0,0,0,0,0,0,0,0,0,0,0,419,10177,0,0,0,0,0,454,0,0,3437,0,0,0,1683,0,0,9305,282,0,0,0,79213,0,0,0,504,1162,622,0,0,0,1247,2304,0,356,11060,0,0,0,0,1271,313,0,0,0,0,699,0,7374,0,0,0,2669,0,0,0,0,0,0,0,0,0,0,0,388,497,3703,0,0,0,0,0,0,347,0,0,0,0,0,4256,0,0,0,0,0,0,0,0,0,0,0,0,0,0,0,424,0,0,0,0,1617,0,5942,149282,5616,0,0,0,0,0,0,0,0,0,0,0,1318,7552,23501,0,0,0,0,0,28979,14294,1880,0,864,1001,0,10407,0,523,0,306,354,0,1478,0,0,0,0,10106,10240,822,2627,1037,747,2253,4167,0,0,0,0,0,0,0,0,607,9732,6825,774,796,2717,6606,0,0,333,0,31319,0,0,0,0,1539,0,2388,0,0,0,0,0,0,0,0,8833,8767,5749,5585,6318,6005,351,600,1072,272,7432,5083,10782,3575,CST2,0.1721568,0.002740452,0.8251028
Sample_33,1703510,0,0,0,0,228,0,9304,0,301,431,506,797,607,1475,245105,445,265636,249,0,0,0,0,0,0,0,0,359,0,0,0,0,0,0,0,0,0,0,0,0,0,0,0,0,0,0,0,0,0,0,0,9209,0,0,0,0,0,0,0,0,0,0,0,7870,2208,0,0,0,429,172547,0,0,0,0,414,415,429,267,0,2018,201,536,297,0,0,0,0,0,0,0,0,0,23019,3788,3455,41944,0,0,32755,1389,1090,2842,2667,1032,3783,401,0,0,225,215,212,386,0,2128,4867,2284,1373,4017,458,0,610,0,0,0,0,0,3090,0,0,4693,0,0,0,0,0,0,0,0,463,0,947,1345,200,533,648,1166,455,1213,1076,274,1958,0,0,0,0,0,0,0,13303,0,0,0,0,290,0,0,0,0,0,0,0,0,17210,0,0,0,0,0,0,0,0,0,0,0,0,0,0,9986,0,5425,0,49298,0,0,0,0,0,0,0,0,507,0,0,0,450,0,0,0,0,456,0,0,0,0,0,0,0,14227,231,0,0,419,0,0,222,992,0,0,0,0,0,0,0,0,0,0,0,0,0,0,0,0,0,0,0,0,0,0,0,0,0,12060,0,0,0,0,0,0,0,1166,0,0,0,0,0,0,0,0,0,0,0,0,0,0,302,0,1055,413,0,0,0,0,0,0,0,0,0,0,0,0,0,0,0,0,0,0,0,0,0,0,0,709,708,0,0,0,0,352,9803,506,0,445,0,0,0,3632,0,310,2911,0,0,0,0,1313,0,0,0,0,229,390,0,0,2620,1299,25231,0,0,120850,0,0,0,0,274,0,0,0,843,1605,9352,1210,13640,1322,514,1270,6351,1044,1098,400,609,232,887,220,413,439,499,8109,5439,1712,47120,363,622,753,680,7927,1472,5340,1226,630,2404,430,3788,6188,0,0,4121,1537,212,770,1170,469,0,0,0,0,0,0,0,444,469,0,0,0,178882,0,11117,19224,1859,0,0,0,0,0,0,0,0,0,0,0,1003,11141,49185,0,0,0,0,0,0,6422,1007,0,15710,0,377,1367,0,460,0,362,1337,0,850,0,0,0,327,0,434,0,0,0,0,276,440,0,0,0,0,0,0,0,0,0,33897,217,227,495,726,2030,0,0,0,0,775,0,0,0,0,515,0,543,0,0,0,0,0,354,0,0,6149,6697,4218,827,4843,966,216,279,515,243,5587,689,7521,2980,CST1,0.26927054,0.7199747,0.010754813
Sample_34,1684672,0,312,333,0,227,0,45831,0,574,781,1251,1753,1551,5315,659513,3667,29307,674,0,0,0,0,0,0,0,0,394,0,0,0,0,0,0,0,0,0,0,0,286,0,0,0,0,0,423,0,0,0,0,273,17316,356,0,0,0,0,0,0,0,0,0,0,23744,10088,0,0,0,0,30053,0,0,0,0,2971,296,322,4307,0,6768,872,1681,612,295,0,0,0,0,0,0,0,0,14131,2955,2635,15976,0,0,14397,1424,577,1097,2323,377,1614,0,0,0,0,0,0,0,255,0,2433,756,523,1410,0,0,3613,0,0,0,246,0,9014,0,0,11254,0,0,0,0,0,0,0,0,1050,0,13983,3046,398,1654,1797,442,1022,3080,2392,562,10681,0,0,0,0,0,0,0,12504,0,0,0,0,3353,0,0,0,0,0,0,0,0,0,0,0,0,0,0,0,0,0,0,0,0,0,0,0,4666,0,4128,0,29545,0,0,0,0,0,0,0,0,820,0,0,0,0,0,0,0,0,18859,0,0,0,0,0,0,0,38085,400,1669,0,1124,0,0,558,13798,0,0,0,345,0,0,0,0,0,0,0,0,0,0,0,0,0,0,0,0,0,0,0,0,0,5141,0,0,0,0,0,0,0,4541,209,0,0,0,0,0,0,0,0,0,0,0,0,0,0,0,2075,1889,688,0,0,0,0,0,0,0,0,0,0,0,0,0,0,0,0,385,0,0,209,0,0,0,414,0,0,0,0,0,1405,0,0,0,0,0,0,9799,0,0,681,200,0,0,0,128906,0,0,0,0,0,0,0,0,2512,511,9921,0,235,79113,0,0,0,0,405,0,0,253,0,253,3930,0,36976,0,0,0,12251,498,0,0,0,0,0,0,0,0,0,3031,2099,1205,17532,0,741,0,0,4528,0,2154,300,227,658,0,699,14448,470,0,745,284,0,0,0,0,0,0,0,0,0,0,0,436,734,0,0,0,12997,0,2599,30963,1424,0,0,0,0,0,0,0,0,0,0,0,0,1735,6759,0,0,0,0,0,881,522,0,0,41866,1372,818,12528,204,2071,0,0,0,0,200,0,0,0,508,385,8831,202,2261,1131,1019,3626,8150,0,0,0,0,0,0,0,0,0,308,0,0,0,0,228,0,0,0,0,0,0,0,0,0,436,0,798,0,0,0,0,873,201,425,0,7299,7681,6701,10959,7842,11869,0,0,288,0,5867,9721,4812,2504,CST0,0.7751046,0.18148871,0.043406714
Sample_35,3568123,400,0,0,801,0,799,494,0,0,0,0,207,0,3381,1883,2179,322,0,0,0,0,0,0,0,0,0,0,851,0,0,0,0,0,0,374,5772,0,465,0,1876,0,0,0,0,0,0,0,0,0,8673,4728,30236,0,0,0,0,0,0,0,0,0,0,1130,431,0,0,0,0,238,0,0,0,0,315,0,0,0,0,378,0,1590,0,210,0,0,0,0,0,0,0,0,682,0,0,815,0,0,2852,239,203,251,3763,3411,10348,19689,0,0,1117,3130,3481,10113,0,0,12392,6246,22959,11369,0,0,0,0,0,0,0,0,0,0,0,492,0,0,0,0,0,0,0,0,0,0,206,229,0,1780,1986,0,0,250,232,0,2855,0,0,0,0,0,0,0,0,0,0,0,0,351,0,0,0,0,0,0,0,0,0,0,0,0,0,0,0,0,0,0,0,0,0,0,0,13566,0,0,0,2362,0,0,0,0,0,0,0,0,0,0,0,0,0,0,0,0,0,1832,0,0,260,0,0,0,0,0,0,0,0,0,0,0,0,0,0,0,0,0,0,397,0,0,0,1199,4656,0,0,0,0,0,0,0,0,0,0,0,0,0,0,736,0,0,0,0,0,0,0,0,0,0,0,0,0,0,0,0,0,0,0,0,0,291,0,0,600,0,0,0,0,0,0,276,309,0,0,0,0,0,0,0,0,0,0,0,0,0,0,1534,214,18326,195098,0,0,0,0,0,0,0,0,536,0,0,0,778,0,0,0,0,0,0,206,15355,0,0,0,29335,64756,159235,0,0,0,293,15595,0,0,616,0,0,0,0,552,0,655,307,0,343,14568,0,20141,702,0,0,37670,2513,0,0,0,534,0,3658,0,0,0,495,15163,6683,90596,0,19240,0,0,421,224,10337,0,1573,219,0,22533,207616,0,1273,1078,1064,0,0,0,727,0,0,0,0,0,0,0,0,0,0,0,0,8650,320,39675,232600,69258,0,0,0,425,201,428,280,351,861,0,262,970,17662,8072,485,0,296,469,0,12185,34474,5514,286,214,0,0,364,0,626,423,24415,13774,3700,345232,5061,289,1365,620,271222,0,0,0,343,0,0,0,418,545,0,2493,1586,2898,1625,3154,14298,160168,91061,10983,17704,61754,533257,390,392,7882,587,361599,1256,777,1500,263,1005,0,1158,0,616,0,0,0,0,0,207,0,0,0,0,0,0,0,0,0,0,0,0,0,8755,CST2,3.4187033e-07,3.5221479e-15,0.99999964
Sample_36,1430038,256,406,434,0,0,0,17349,0,551,643,1059,1351,1252,6372,613178,921,0,506,0,0,0,0,0,0,0,0,0,0,0,0,0,0,0,0,0,0,0,261,279,312,0,0,0,0,0,0,0,0,0,0,3962,0,0,0,0,0,0,0,0,0,0,0,1919,451,0,0,0,0,27745,0,0,0,0,0,0,1480,201,282,3197,998,7170,3875,828,0,0,0,0,0,0,0,0,46533,3983,2686,18211,0,0,17760,560,0,0,663,252,1638,0,0,0,0,0,0,0,0,0,3722,884,536,1624,0,0,1391,0,0,0,0,0,0,0,0,4461,0,0,0,0,0,0,0,0,761,0,2506,2480,328,2602,3065,0,1129,2453,1866,488,8766,0,0,0,0,0,0,0,0,0,0,0,0,0,0,0,0,0,0,0,0,0,0,0,0,0,0,0,0,0,0,0,0,0,0,0,0,1952,255,3707,0,17312,0,0,0,0,0,0,0,0,0,0,0,0,0,0,0,0,0,26368,0,0,0,0,0,0,0,0,896,0,0,1228,0,0,0,1192,0,0,0,0,0,0,0,0,0,0,0,0,0,0,0,0,0,0,0,0,0,0,0,0,0,1581,0,0,0,0,0,0,0,326,0,0,0,0,0,0,0,0,0,0,0,0,0,0,0,0,3857,0,0,0,0,0,0,0,0,0,0,0,0,0,0,0,0,0,0,0,0,0,0,0,0,0,1824,0,0,0,0,0,308,0,0,0,0,0,0,4302,0,0,556,0,0,0,0,8746,0,0,0,216,630,0,0,0,0,0,1169,0,0,18065,0,0,0,0,1457,342,0,0,0,0,2576,0,7782,0,0,0,3870,307,0,0,0,0,0,0,0,0,0,1285,1489,0,14738,0,0,0,0,3867,0,1458,0,289,0,0,0,7488,0,0,0,0,0,0,0,0,0,0,0,0,0,0,0,1564,252,0,0,0,73549,0,15843,285294,3872,0,0,0,0,0,0,0,0,0,0,0,436,3490,7619,0,0,0,0,0,6088,802,0,0,2410,0,0,4702,0,0,0,0,310,0,2114,0,0,0,0,7997,5683,775,7637,2059,393,2278,2528,0,0,0,0,0,0,0,0,0,3750,0,217,0,480,5129,0,0,0,0,756,0,0,0,0,1661,0,3391,0,0,0,0,882,0,0,0,398,354,0,0,265,0,0,0,0,0,338,0,472,4226,CST2,0.0023370727,0.00056080654,0.9971021
Sample_37,899694,2306,9574,9377,2637,0,0,814,0,986,2479,2414,4436,2254,16907,69974,91095,6114,842,0,0,0,0,251,0,262,0,0,0,0,0,0,0,272,0,9082,42304,218,2260,6989,33842,0,0,0,0,0,0,0,0,0,0,0,0,0,0,0,0,0,0,0,213,0,0,478,424,0,0,0,0,33815,300,338,236,0,4075,326,1550,226,0,7836,0,245,3402,0,365,0,218,0,219,0,0,0,6673,582,489,1737,0,391,1995,2951,0,0,3031,0,403,0,0,0,0,0,0,0,0,0,0,0,0,0,0,0,7887,0,0,736,0,0,0,0,0,0,0,0,0,0,0,2007,1040,709,2393,0,2735,5940,1422,6685,7528,0,1955,6162,4566,1192,22209,0,0,0,346,269,0,0,2003,0,0,0,238,1100,0,224,0,314,0,0,0,265,780,0,206,0,0,0,349,0,0,0,0,0,0,0,0,1459,0,44265,0,5560,283,411,0,0,0,0,0,0,0,0,0,0,0,0,0,0,0,1870,0,0,254,476,0,0,386,0,0,233,0,2987,225,0,0,0,0,0,382,0,0,0,0,0,0,0,0,0,0,411,0,0,428,0,208,329,0,0,884,0,292,0,0,0,0,0,0,0,0,208,0,0,0,0,0,0,0,0,0,208,0,0,0,0,0,0,2268,267,0,0,0,0,0,0,0,240,0,0,0,0,428,0,0,0,359,0,386,0,0,0,0,2461,1167,254,221,317,0,0,14636,0,0,9873,0,0,0,4505,0,0,34081,1460,370,0,0,6478,0,0,0,851,18474,573,0,0,0,0,1987,412,0,12681,0,0,0,0,0,0,0,0,0,0,0,0,265,0,0,0,12366,0,0,0,0,0,0,0,0,0,0,5138,0,10767,1078,0,0,0,0,290,0,0,0,0,0,0,0,2524,0,0,0,0,0,0,0,0,202,371,681,0,0,452,0,2017,873,0,0,0,4138,222,14055,0,38570,258,0,0,0,0,0,0,0,0,0,0,0,0,0,0,0,0,0,0,27223,6130,1051,326,11387,248,0,10894,0,0,0,0,0,288,599,0,0,616,0,64269,324,206,962,3800,0,931,706,0,0,524,0,0,0,0,294,0,3879,217,659,220,480,2781,0,0,0,0,1155,0,0,0,0,5072,514,0,0,0,0,0,1396,0,286,0,348,459,293,0,248,0,0,0,0,0,355,0,255,8057,CST0,0.8787787,0.0052147307,0.11600648
Sample_38,2102376,0,0,0,0,0,219,3051,0,212,200,413,497,556,1227,194793,448,3084,200,0,0,0,0,0,0,0,0,0,0,0,0,0,0,0,0,0,0,0,0,0,0,0,0,0,0,0,0,0,0,0,999,1582,0,0,0,0,0,0,251,0,0,0,0,2683,472,0,0,0,4439,227203,0,0,0,0,0,525,62767,756,619,2545,1369,1232,1338,477,0,0,0,0,0,0,0,0,7286,22335,23184,6410,0,0,101237,3586,447,754,5266,671,1557,388,226,0,0,0,301,549,0,0,1352,976,912,1783,363,0,0,0,0,0,0,0,0,0,0,380,0,0,0,200,294,0,0,0,319,0,671,953,0,433,515,0,370,901,732,218,1692,0,0,203,0,0,0,0,0,0,0,340,0,1587,0,0,0,3585,514,1317,1130,2575,379403,234,1526,0,0,0,0,0,0,0,0,0,0,0,0,1532,0,1172,0,2105,0,0,0,0,0,0,0,0,0,0,0,0,2037,0,362,487,0,4746,0,2127,0,0,650,0,0,0,0,0,365,0,0,335,551,398,0,0,0,0,0,0,239,244,230,0,0,0,0,0,0,0,0,0,0,0,0,0,0,0,273,2298,0,0,0,0,0,0,0,205,0,0,307,375,17153,1791,345,512,264,96481,675,368,558,810,214,0,555,2072,398,0,2090,0,0,0,0,0,444,230,0,0,0,0,0,0,0,0,0,0,437,0,0,557,3197,0,0,0,0,4411,11624,6136,0,0,0,120709,1674,610,0,0,262857,1701,0,0,0,1284,0,0,0,0,3640,6169,0,0,280,0,356,0,1539,126806,0,0,842,0,428,0,0,204,579,875,1673,883,10502,1073,376,1601,5061,863,765,286,449,0,659,0,415,308,323,15117,6192,2330,15914,320,1625,502,1118,20863,1024,3764,495,499,1294,246,4151,3540,0,1771,2829,1894,0,444,663,691,0,0,0,0,0,0,0,0,0,0,0,0,70460,0,5743,25882,1278,0,0,0,0,0,0,0,0,0,0,0,0,1772,3300,0,0,0,0,0,11490,2788,397,0,0,0,0,633,0,0,0,212,0,0,1209,0,0,0,734,4086,0,0,347,214,0,217,1421,0,0,0,0,0,0,0,0,253,38655,844,338,412,1164,4323,0,0,0,0,2662,0,0,0,0,854,0,948,0,0,0,0,0,0,0,0,1942,2058,1348,0,1329,299,0,0,0,0,1716,365,1415,0,CST0,0.6448426,0.32152918,0.03362821
Sample_39,1027556,438,1466,1444,0,0,0,10154,257,1315,2176,2412,3344,2661,23675,0,4730,10873,1126,0,0,0,0,0,0,0,0,0,0,0,0,0,0,0,0,306,230,0,439,1006,505,0,0,0,0,0,0,0,0,0,0,929,0,313,266,203,0,0,0,0,0,0,0,0,0,0,0,0,0,31261,0,0,0,0,0,0,523,260,0,1448,352,1687,950,469,0,0,0,0,0,0,0,0,15846,5615,4727,18096,0,0,4608,340,0,0,1758,0,257,0,0,0,0,0,0,0,0,0,218,0,0,0,0,0,0,0,0,0,0,0,0,0,0,0,0,0,0,0,0,245,0,0,1930,0,4111,6029,841,8120,9105,0,2076,6337,4570,1311,29686,0,0,0,0,0,0,0,0,0,0,0,0,203,0,0,0,0,0,0,0,0,0,0,0,0,0,0,0,0,0,0,0,0,0,0,0,1238,0,4843,0,6822,0,0,0,0,0,0,0,0,0,0,0,0,0,0,0,0,0,211644,0,0,0,0,0,0,0,0,0,0,0,0,0,0,0,0,0,0,0,0,0,0,0,0,0,0,0,0,0,0,0,0,0,0,0,0,0,0,0,0,0,784,0,0,0,0,0,0,0,0,0,0,0,0,0,0,0,0,0,0,0,0,0,0,0,0,361,4499,1713,0,0,0,0,0,0,0,0,0,0,0,0,0,0,0,0,0,0,0,0,0,0,661,950,0,0,0,0,0,0,0,0,0,0,0,0,0,0,0,954,374,0,0,0,107005,0,0,0,0,429,0,0,0,0,910,1750,0,0,33566,0,0,0,0,3631,0,0,0,0,0,274,0,25395,0,0,0,1530,0,0,0,0,0,0,0,0,0,0,664,222,819,1231,0,0,0,0,726,0,267,0,0,0,0,0,2950,0,0,425,0,0,0,0,0,0,0,0,0,0,0,0,0,0,0,0,0,1711,0,6276,171690,2179,208,0,0,0,0,0,0,0,0,0,0,0,638,889,0,0,0,0,0,18722,1514,0,278,0,342,0,6700,0,0,0,0,0,0,258,0,0,0,0,1064,3939,496,13414,4494,13935,5274,42404,0,0,0,0,0,0,0,0,220,43981,469,3229,520,982,2054,0,0,0,0,2216,0,0,0,0,3467,0,0,0,0,0,0,0,0,0,0,3205,2979,3160,410,3866,344,0,0,0,0,2402,582,1956,5205,CST2,0.029855577,0.0004963535,0.9696481
Sample_4,2042883,328,1357,1557,0,258,209,50993,0,1036,1632,1835,3376,2240,19266,482159,3475,87246,745,0,0,0,0,0,0,0,0,0,0,0,0,0,0,0,0,1610,468,0,305,886,1209,0,0,0,0,0,0,0,0,0,288,25397,363,0,0,0,0,0,0,0,0,0,0,2314,1340,0,0,0,0,21538,0,0,0,0,608,0,1421,395,0,10635,246,793,1571,213,0,0,0,0,0,0,0,0,16874,3419,3281,28463,0,0,15060,1391,384,566,5162,348,2280,218,0,1727,0,0,0,0,296,0,4032,1425,954,2281,0,0,694,0,0,0,0,0,722,0,0,1774,0,0,0,0,0,212,0,0,1925,0,14735,4901,755,6315,6924,0,1527,5342,3583,884,29543,0,0,0,0,0,0,0,553,0,0,0,0,264,0,0,0,0,0,0,0,0,0,0,0,0,215,0,0,0,0,0,0,0,0,0,0,4364,0,7029,0,34490,0,0,0,0,0,0,0,0,417,0,0,0,0,0,0,0,0,17727,0,0,0,0,0,0,0,4875,0,0,0,0,0,0,233,8531,0,0,0,2986,0,0,0,0,0,0,239,0,0,0,0,0,0,0,0,0,0,0,0,0,0,4932,0,0,0,0,0,0,0,1109,0,0,0,0,0,0,0,0,0,0,0,0,0,0,0,0,20118,991,836,0,0,0,0,0,0,0,0,0,0,0,0,0,0,0,0,0,0,0,0,0,0,2762,20914,0,0,0,0,0,0,0,0,880,0,0,0,12409,0,0,3520,1169,290,0,0,147890,0,0,0,297,532,0,0,0,1492,1955,2068,0,0,13535,0,0,0,0,1649,434,0,0,0,0,3739,0,33679,0,0,0,6427,518,0,0,0,0,0,0,0,0,0,2659,1952,925,19786,0,257,0,0,1958,0,2172,0,217,274,0,495,36758,0,3019,599,0,0,0,0,0,0,0,0,0,0,0,0,2444,2893,0,0,0,1035,0,3030,87577,927,0,0,0,0,0,0,0,0,0,0,0,1445,17696,54224,0,0,0,0,222,33165,5234,1035,0,4901,5233,426,97130,1154,12909,0,779,1346,0,3667,400,0,233,0,77953,32652,7614,38330,8722,2299,12639,6789,0,0,0,0,0,0,0,322,829,53246,4889,856,1137,3423,20427,0,0,516,0,22603,0,0,202,0,1872,0,0,207,0,0,0,1223,0,306,0,10762,9833,6876,3872,7226,3763,494,412,359,0,9560,3564,9236,4317,CST0,0.8706572,0.011269989,0.11807283
Sample_40,2334214,0,4323,4267,0,0,275,14265,875,1851,3538,3065,4821,3490,70568,69732,115658,16258,1312,0,0,298,0,0,0,0,0,0,0,0,257,322,0,0,203,1345,815,0,0,3306,1623,292,0,0,237,0,0,0,0,216,1488,1893,223,771,660,527,264,0,0,0,0,0,321,488,0,0,0,323,0,73432,0,0,0,0,0,0,753,346,534,1554,1334,10326,5772,1223,0,348,0,0,0,0,0,253,4398,1978,1782,5818,0,0,2157,383,0,1451,24701,470,1623,0,0,0,0,0,0,271,0,0,1179,1430,518,2244,0,0,0,258,0,0,0,0,0,0,0,0,0,0,0,0,0,484,320,257,2844,0,15129,7313,1322,35421,39996,0,2616,7911,6978,1853,77440,0,223,0,0,0,0,0,0,0,0,0,0,1881,0,0,333,0,0,0,0,0,217,0,0,0,0,206,0,0,0,0,0,0,0,0,0,435,0,14165,0,799,0,0,0,218,255,365,0,0,0,0,0,0,0,0,0,0,0,339543,0,0,266,243,0,0,0,0,0,0,0,0,0,0,0,0,0,654,0,447,0,0,0,0,0,0,0,0,0,0,204,222,0,299,0,0,271,211,293,0,0,3503,0,0,0,0,0,0,0,0,0,0,0,0,0,0,0,0,0,0,0,0,0,0,0,237,1279,2112,1922,0,0,242,0,0,0,0,0,0,0,0,0,0,0,0,0,0,0,0,0,0,0,648,6368,0,0,0,0,0,0,0,0,0,220,0,0,429,0,0,1063,508,263,0,0,46507,0,0,0,3696,33038,344,248,0,425,2000,18028,0,0,1550,0,250,0,0,2987,705,0,0,0,0,1509,0,106192,0,0,217,200541,711,0,0,0,0,0,0,0,0,0,427,3425,320183,13464,0,483,0,0,681,0,2832,0,341,0,0,2789,64738,0,0,755,1088,2584,0,0,3161,0,0,222,0,0,202,0,535,302,0,440,0,5524,209,21925,0,31773,0,338,289,0,0,0,0,0,0,0,0,403,1088,1109,0,0,0,0,0,86240,1807,532,353,342,910,0,37428,0,881,0,221,212,0,8528,0,0,494,0,102696,5045,277,28339,33070,2903,11508,34380,0,0,0,0,0,0,0,217,0,2402,250,502,217,572,5612,0,0,0,0,590,0,0,0,0,2654,0,0,0,0,0,0,0,0,0,0,0,0,0,0,250,0,0,0,0,0,0,0,0,7390,CST0,0.8186657,0.007743947,0.17359029
Sample_41,978579,611,453,529,0,257,0,74104,0,314,385,371,803,545,13192,130473,26256,1818,0,0,0,0,0,0,0,0,0,0,0,0,0,0,0,0,0,343,216,0,738,377,491,0,0,0,0,0,0,0,0,0,299,3341,0,0,0,0,0,0,0,0,0,0,0,6846,1114,0,0,0,0,3025,0,0,0,0,0,0,555,240,374,2280,1173,7277,904,1092,0,0,0,0,0,0,0,0,13206,7302,8799,14744,0,0,2584,596,0,388,1031,0,484,0,0,0,0,0,0,441,0,0,395,200,0,467,0,0,0,0,0,0,0,271,327,0,0,1228,0,261,697,0,0,0,0,0,427,0,15398,958,0,3937,4201,0,386,947,1151,225,21971,0,0,0,0,0,313,0,0,299,0,0,0,275,0,0,0,0,0,0,0,0,0,0,0,213,0,0,0,0,0,0,237,564,0,256,0,5126,0,2721,0,3672,0,0,0,0,0,0,0,296,0,0,0,0,0,0,0,0,0,78174,0,0,0,0,0,0,0,349,0,0,0,0,0,0,3064,2763,0,0,0,426,0,0,0,0,0,0,0,251,388,0,0,0,0,0,0,0,0,0,0,0,0,13002,0,489,0,0,0,0,0,904,1163,0,0,0,0,0,0,0,0,0,0,0,0,0,0,0,11853,25335,5515,0,0,0,221,0,0,0,0,0,0,0,0,0,0,0,0,0,0,0,0,0,0,0,3891,0,0,0,0,0,0,0,0,0,0,0,0,1360,0,0,717,0,0,299,0,46346,0,0,354,0,894,0,0,0,0,334,734,0,237,34603,0,0,0,0,794,0,0,435,0,0,674,0,21124,0,0,0,3115,0,0,0,0,0,0,0,0,0,0,983,851,0,4842,0,2904,0,0,737,0,654,0,0,213,0,469,7027,0,0,235,0,0,0,0,0,0,0,0,0,0,0,0,808,551,0,0,0,22097,0,5027,115773,3462,0,0,0,0,0,0,0,0,0,0,0,205,1687,3272,0,0,0,0,0,4242,2124,390,0,718,1742,282,13843,251,2085,0,0,207,0,330,0,0,0,0,9902,8277,397,16091,8214,6384,7951,55392,0,0,0,0,0,0,0,0,0,759,0,0,0,0,884,0,0,0,0,420,0,0,0,0,846,0,2450,0,0,0,0,512,0,0,0,300,295,0,0,353,0,0,0,0,0,232,0,247,3064,CST2,0.28719014,0.070910774,0.64189905
Sample_42,2169019,0,750,708,0,0,0,21642,0,563,647,892,1485,1040,12125,487793,0,5311,448,0,0,0,0,0,0,0,0,0,0,0,0,0,0,0,0,222,509,0,0,462,1337,0,0,0,0,0,0,0,0,0,0,7403,0,0,0,0,0,0,0,0,0,0,0,0,0,0,0,0,0,0,0,0,0,0,0,0,223,0,205,538,220,1059,326,0,0,0,0,0,0,0,0,0,4663,2821,2383,32686,0,0,784,0,0,0,293,476,958,1962,0,0,0,261,0,219,0,0,1465,350,4136,601,0,0,0,236,0,0,0,0,0,0,0,0,0,0,0,0,0,0,0,0,1160,0,1176,2605,570,5395,6222,0,848,3997,2117,491,19084,0,0,0,0,0,0,0,0,0,0,0,0,0,0,0,0,0,0,0,0,0,0,0,0,0,0,0,0,0,0,0,0,0,0,0,0,2484,0,4810,0,23561,0,0,0,0,0,0,0,244,355,0,0,0,0,0,0,0,0,55100,0,0,0,0,0,0,0,0,0,0,0,0,0,0,0,0,0,0,0,538,0,0,0,0,0,0,0,0,0,0,0,0,0,0,0,0,0,0,0,0,0,3678,0,0,0,0,0,0,0,0,0,0,0,0,0,0,0,0,0,0,0,0,0,0,0,0,47498,44401,6108,0,0,0,0,0,0,0,0,0,0,0,0,0,0,0,0,0,0,0,0,364,0,1810,9665,0,0,0,0,0,0,0,0,227,0,0,0,0,0,0,408,0,0,0,0,181076,0,0,0,263,472,0,0,0,0,0,923,0,0,20388,0,0,0,0,0,0,0,0,0,0,1632,0,28708,0,0,0,6051,204,0,0,0,0,0,233,0,0,0,0,1172,0,5654,0,321,0,0,0,0,1216,0,0,0,0,522,11465,0,0,0,0,0,0,0,0,0,0,0,0,277,418,295,0,0,0,0,0,1296,0,6113,140003,1504,0,0,0,0,0,0,0,0,0,0,0,296,3188,6324,0,0,0,0,0,119642,11255,1243,0,0,4268,0,53914,268,2337,0,467,451,0,3092,0,0,598,205,57236,19492,266,21084,4535,2961,7987,17532,0,0,0,586,378,669,386,617,3830,165168,39867,2849,4780,18569,109342,0,0,1996,0,176491,347,0,316,0,0,0,432,0,0,0,0,0,0,0,0,8607,8585,5480,1173,5911,1129,237,225,553,0,6727,1256,5914,2634,CST0,0.6381833,0.007910729,0.35390595
Sample_44,1118223,4144,0,0,319,0,646,504,310,1023,2606,1722,2940,1806,51852,15897,4927,4828,702,0,0,0,0,0,0,0,0,0,0,0,0,0,0,0,0,0,0,0,3841,0,260,0,0,0,0,0,0,0,0,0,738,247,563,353,291,263,0,0,0,0,0,0,0,1393,541,0,0,0,0,353,0,0,0,0,0,0,0,0,0,583,353,2691,232,341,0,0,0,0,0,0,0,0,1387,361,290,1348,0,0,3206,717,218,241,79733,877,8212,343,0,0,228,0,294,1354,0,0,6733,4935,1539,13303,0,0,0,0,0,0,0,0,0,0,0,0,0,0,0,0,0,0,0,0,1657,0,7335,3879,699,91645,103740,0,1518,4335,3880,1258,42951,0,0,0,0,0,0,0,0,0,0,0,0,0,0,0,0,0,0,0,0,0,0,0,0,0,0,0,0,0,0,0,0,0,0,0,0,408,0,11720,0,812,0,0,0,0,0,0,0,0,0,0,0,0,0,0,0,0,0,10777,0,0,675,0,0,0,0,0,0,0,0,0,0,0,0,0,0,249,0,0,0,0,0,0,0,1194,649,0,0,0,0,0,0,0,0,0,0,0,0,0,0,1472,0,0,0,0,0,0,0,0,0,0,0,0,0,0,0,0,0,0,0,0,0,0,0,0,311,0,0,0,0,0,0,0,0,0,0,0,0,0,0,0,0,0,0,0,0,0,0,0,0,8187,896,0,0,0,0,0,0,0,0,0,0,0,0,0,0,0,471,238,0,0,0,5557,0,0,0,456,18077,418,0,0,0,0,1947,0,0,294,0,0,0,0,0,0,0,0,0,417,4064,0,26459,279,0,0,123160,1243,0,0,0,0,0,538,0,0,0,974,5866,786,57764,0,1710,0,0,0,432,5999,0,602,239,0,2154,0,0,292,736,848,0,0,0,1214,0,0,0,0,0,0,0,0,0,0,0,0,1607,0,8200,168742,1467,348,0,0,0,0,0,0,0,0,0,0,0,3705,479,0,0,0,0,0,397,6135,1051,586,0,617,0,8006,0,874,0,1724,1361,0,91029,1301,0,583,0,0,0,0,0,0,0,0,0,0,0,0,322,248,250,267,606,0,2529,233,1639,340,531,1376,0,0,0,0,633,0,0,269,0,5961,0,0,0,0,0,0,0,0,0,0,0,0,0,0,0,0,0,0,0,0,0,0,0,8738,CST2,0.0011358534,5.533091e-07,0.9988636
Sample_45,1525659,4432,506,473,479,316,327,10594,0,336,985,600,1233,715,8292,48413,5153,56813,289,0,0,0,0,0,0,0,0,0,0,0,0,0,0,0,0,665,2218,0,4323,421,5543,0,0,0,0,0,0,0,0,0,845,78135,1042,0,0,0,0,0,0,0,0,0,0,0,0,0,0,0,0,15722,0,0,0,0,240,0,1832,409,3082,4749,8568,74710,395,8522,0,0,0,0,0,0,0,0,3744,397,312,1805,0,0,9778,1757,0,539,2424,727,8368,2727,0,0,0,358,494,858,0,0,6690,6534,1478,11326,0,0,0,0,0,0,0,0,0,0,0,0,0,0,0,0,0,0,0,0,594,0,1587,1451,246,8407,9493,284,535,1442,1246,314,5823,0,0,0,0,0,0,0,0,0,0,0,0,0,0,0,0,0,0,0,0,0,0,0,0,0,0,0,0,0,0,0,0,0,0,0,0,578,802,3602,0,30744,0,0,0,0,0,0,0,0,0,0,0,0,0,0,0,0,0,29464,0,0,0,0,0,0,0,0,0,0,0,0,0,0,0,664,0,0,0,278,0,0,0,0,0,218,353,0,0,0,0,0,0,0,0,0,0,0,0,0,0,21721,0,0,0,0,0,0,0,0,0,0,0,0,0,0,0,0,0,0,0,0,0,0,0,0,56530,501,661,0,0,0,0,0,0,0,0,0,0,0,0,0,0,0,0,0,0,0,0,0,0,0,0,0,0,0,0,0,0,0,0,0,0,0,0,1313,0,0,480,0,0,0,0,8546,0,0,0,2824,3489,1266,0,0,290,2793,183350,0,0,871,0,0,0,0,604,0,0,332,0,0,5143,0,33187,251,0,0,169991,1188,0,0,0,0,0,683,0,0,0,3113,4686,303,61628,0,956,0,0,1295,0,5217,0,514,0,0,807,146131,0,379,583,651,0,0,0,0,0,0,0,0,0,0,0,0,0,0,0,0,6803,0,28556,0,6444,0,0,0,0,0,0,0,0,0,0,0,399,4245,10216,0,0,0,0,0,21540,11461,1933,0,0,2480,0,37423,1185,12290,0,944,1063,0,45769,673,0,362,0,11225,2258,1259,4156,3120,685,2667,4015,0,0,0,0,0,0,0,0,0,62300,0,0,0,0,0,0,0,0,0,0,0,0,0,0,667,0,1884,0,230,0,0,0,0,0,0,228,235,0,0,0,0,0,0,0,0,0,0,0,4849,CST0,0.82484996,0.0004138966,0.17473614
Sample_46,2756018,3797,5174,6739,581,247,877,3000,0,1674,2683,3063,4780,3851,18828,143884,2673,500151,1171,0,0,0,0,0,0,0,0,0,0,0,0,0,0,0,0,1357,4199,0,3880,4437,3238,0,0,0,0,0,0,0,0,0,2445,34476,675,343,392,301,0,0,0,0,0,0,0,0,0,0,0,0,0,53044,0,0,0,0,377,0,296,0,0,3430,263,1496,7446,366,0,0,0,0,0,0,0,0,23983,6439,5747,23096,0,0,5631,1817,0,477,7928,649,1195,8637,0,0,0,1220,1050,653,0,0,1670,664,2779,1084,0,0,0,0,0,0,0,0,0,0,0,0,0,0,0,0,0,209,204,262,2333,0,8305,7506,1364,11446,12787,0,2553,7635,6618,1481,32989,0,0,0,0,0,0,0,0,0,0,0,0,0,0,0,0,0,0,0,0,0,0,0,0,0,0,0,0,0,0,0,0,0,0,0,0,2121,26281,5158,0,27765,0,0,0,0,0,0,0,0,0,0,0,0,0,0,0,0,0,148172,0,0,0,0,0,0,0,0,0,0,0,278,0,0,345,259,0,0,0,1045,0,0,0,0,0,0,269,0,0,0,0,0,0,0,0,0,0,0,0,0,0,4943,0,0,0,0,0,0,0,380,0,0,0,0,0,0,0,0,0,0,0,0,0,0,0,0,10171,836,786,0,0,0,0,0,0,0,0,0,0,0,0,0,0,0,0,0,0,0,0,406,0,4056,17673,0,0,0,0,0,255,0,0,0,0,0,0,12979,0,0,1800,605,0,0,0,81297,0,0,0,5500,13187,1477,0,0,0,430,3137,0,267,7192,0,0,0,0,0,0,0,0,0,0,4837,0,58963,0,0,0,19172,1142,0,0,0,0,0,1269,0,0,0,3344,4661,516,10763,0,1228,0,0,617,0,2431,0,370,403,0,596,40815,0,0,478,0,0,0,0,0,0,0,0,0,0,0,0,387,243,0,0,0,766,0,2601,55018,779,239,0,0,0,0,0,0,0,0,0,0,665,4279,7015,0,0,0,0,0,129241,23109,3644,585,0,2056,0,145695,286,1973,0,748,946,241,20829,399,0,978,0,36108,7811,44968,81152,19765,2225,15248,11612,0,0,0,707,467,737,421,1107,3836,188439,10850,3841,5762,14555,277283,0,0,2114,0,50859,422,216,511,0,4982,0,0,0,397,0,0,0,0,0,0,1059,1782,708,1299,1084,719,245,453,792,0,1075,508,1414,9043,CST0,0.8990634,0.010917955,0.090018556
Sample_47,1537230,416,402,501,0,492,339,39729,0,419,444,744,989,1025,1440,244769,3404,313316,312,0,0,0,0,0,0,0,304,0,0,0,0,0,0,0,0,232,0,0,446,302,533,0,0,0,0,0,322,0,0,0,0,8839,0,0,0,0,0,486,0,0,0,0,0,861,1328,0,0,0,0,57082,0,0,0,0,1601,646,804,796,784,6015,3283,15159,3177,1901,0,0,0,0,0,0,351,0,36008,9166,10141,26873,0,0,17338,5498,0,911,3774,0,304,0,0,0,0,0,0,377,466,0,399,0,0,294,0,0,2034,0,0,0,0,357,3608,0,261,6822,0,252,1100,0,0,0,0,0,573,0,6746,1987,252,462,534,0,644,1723,1285,380,2628,0,0,0,0,0,1028,0,3902,0,0,0,0,528,0,0,0,0,0,484,0,0,0,0,0,253,0,0,0,0,0,0,0,900,0,347,228,10502,1254,7232,0,7770,0,0,0,0,0,0,0,688,446,354,0,201,0,450,0,0,0,750,0,0,0,0,0,0,0,651,0,0,0,0,0,0,2888,4627,0,0,0,729,0,0,0,0,0,0,0,392,395,0,0,0,0,0,0,0,0,0,0,0,0,38045,257,823,399,432,0,0,299,2659,855,236,0,0,0,0,0,0,0,0,0,0,0,0,0,0,11818,50292,11463,0,0,0,699,0,0,0,0,0,0,0,0,0,0,0,0,0,0,0,0,0,0,0,1766,0,0,0,0,0,1925,0,0,0,0,0,0,1788,0,0,291,0,0,650,0,21897,0,0,868,0,0,0,0,0,6013,230,1567,0,328,93667,0,0,0,0,4527,995,0,0,0,0,522,0,2195,0,0,0,2161,0,0,0,0,0,0,0,0,0,0,8413,396,438,2983,0,2774,0,0,5073,0,476,0,0,245,0,928,4584,0,0,242,0,0,0,0,0,0,0,0,0,0,0,0,593,604,0,0,0,22673,0,2637,31567,589,203,0,0,0,0,0,0,0,0,0,0,0,0,0,0,0,0,0,0,3250,1279,0,339,5798,2767,528,29387,374,3249,0,0,0,0,218,0,0,0,0,3902,16435,395,6345,3423,12586,10271,164807,0,0,0,0,0,0,0,0,0,973,0,497,0,0,1159,0,0,0,0,0,0,0,0,0,4261,0,0,0,0,447,0,781,0,244,0,1283,851,537,459,658,578,0,0,331,0,941,223,1156,7224,CST0,0.56977814,0.4031485,0.027073354
Sample_48,1516805,0,0,0,0,0,325,528,0,272,443,629,1572,760,1748,141530,3925,48110,278,0,0,0,0,0,0,0,0,0,0,0,0,0,0,0,0,0,0,0,0,0,0,0,0,0,0,0,0,0,0,0,890,1092,0,0,0,0,0,0,0,0,0,0,0,4623,846,0,0,0,0,75465,0,0,0,0,953,802,32548,1194,1500,7293,5873,4310,6957,1325,0,0,0,0,0,0,0,0,27716,6052,6883,13515,0,0,150122,9373,0,358,12824,684,2535,0,0,0,292,0,0,788,0,0,2201,1477,820,2860,0,0,629,0,0,0,0,0,698,0,0,350,0,0,0,0,0,0,0,0,908,0,2458,1436,221,901,966,0,537,1567,1109,375,2267,0,0,0,0,0,0,0,616,0,0,0,0,2268,0,0,0,0,0,0,0,0,0,0,0,0,0,0,0,0,0,0,0,0,0,0,0,1580,0,3127,0,1654,0,0,0,0,0,0,0,0,0,0,0,0,0,0,0,0,0,2163,0,2536,0,0,0,0,0,455,0,0,0,1462,0,0,422,3870,0,0,0,235,202,0,0,0,0,0,0,0,0,0,0,0,0,0,0,0,0,0,0,0,0,2288,0,0,0,0,0,0,0,1996,0,0,0,0,35689,1834,0,59306,10846,91628,397,420,0,424,0,0,514,10322,3542,0,0,0,0,0,0,0,0,0,0,0,0,0,0,0,0,0,0,0,0,0,0,0,10341,0,0,0,0,0,865,0,0,0,0,694,0,5665,0,0,177669,4209,259,0,0,1221,0,0,0,0,1260,265,0,4662,0,255,624,0,498,45128,0,0,0,0,0,0,0,0,0,550,2707,0,5307,350,0,266,27058,991,0,0,0,0,0,0,0,0,0,23454,6099,4445,28737,0,1901,0,0,32502,0,4640,0,670,0,0,5305,9279,0,27563,764,1357,0,0,0,3405,0,0,0,0,0,0,0,2573,1539,0,0,0,22129,0,6433,101496,3606,699,0,0,0,0,0,0,0,0,0,0,0,0,0,0,0,0,0,0,375,0,0,0,1774,277,0,22495,0,383,0,0,0,0,222,0,0,0,0,5348,4057,0,1729,1216,3857,4616,47141,0,0,0,0,0,0,0,0,0,1002,0,0,0,365,2486,0,0,0,0,288,0,0,0,0,0,0,0,0,0,0,0,759,0,466,0,0,0,0,0,0,0,0,0,0,0,0,0,0,0,CST0,0.64685345,0.26324397,0.08990257
Sample_5,1648457,2695,4525,4186,445,0,205,591,0,3246,7349,5860,9474,7272,63264,318365,2169,24941,2349,0,0,0,0,0,0,0,0,0,0,0,221,0,206,0,0,2262,4139,0,3078,3483,8922,0,0,0,289,0,0,0,0,0,0,0,0,574,544,470,297,0,0,0,0,0,495,0,228,0,0,247,0,290,0,0,0,0,0,0,453,209,0,746,0,663,2069,335,418,308,0,0,304,0,0,0,9489,3930,3688,17847,0,0,995,0,0,0,1509,0,344,751,0,0,0,0,0,0,0,0,217,237,0,226,0,0,0,0,0,0,0,0,0,0,0,0,0,0,0,0,0,431,472,327,4992,335,1192,15208,2339,33411,37744,0,5250,16641,12585,3664,74178,0,0,0,0,0,0,0,0,0,0,0,0,0,234,0,0,0,0,0,0,0,732,0,0,0,0,203,0,246,367,0,0,0,0,0,0,305,0,0,0,3502,0,0,0,286,0,323,0,0,0,0,0,0,0,0,0,0,0,48299,0,0,594,261,0,0,0,0,0,0,0,0,0,0,0,0,0,0,0,0,0,0,0,0,0,0,0,0,0,0,255,210,0,0,0,0,213,238,317,206,0,525,0,0,0,0,0,0,0,211,0,0,0,0,0,0,0,0,0,0,0,0,0,0,0,0,49705,221,0,0,0,0,0,0,0,0,0,0,0,0,298,370,0,240,0,0,0,0,0,306,0,4849,7818,0,0,0,0,0,572,0,0,0,0,0,0,0,0,0,7120,998,674,0,0,0,0,0,0,317,970,202,205,0,0,271,10875,0,0,6284,0,0,0,0,889,270,0,560,0,0,722,0,11162,0,0,0,31130,0,0,0,0,0,0,0,0,0,0,352,433,1705,1738,0,360,0,0,202,0,3839,0,0,0,0,509,254820,0,0,0,0,0,0,0,0,0,0,327,0,0,0,395,0,0,0,0,0,1628,0,7636,182733,2752,0,203,318,0,0,0,0,0,0,0,0,554,389,0,0,0,0,0,0,485,47082,6761,0,0,397,0,7180,0,273,0,0,427,0,1528,0,0,1630,0,112982,352,338,549,1488,216,892,1718,0,0,0,531,447,425,413,540,1569,0,1652,2057,3648,5977,25917,0,0,1515,0,8569,279,0,323,0,877,0,0,0,303,0,0,0,0,0,0,1555,1578,1304,239,5373,231,0,0,0,0,1303,0,2016,3882,CST2,6.2024543e-07,1.5113178e-12,0.9999994
Sample_50,1668455,877,644,583,0,229,606,62978,0,0,215,319,494,362,2772,162661,2884,157629,0,0,0,0,0,0,0,0,0,0,0,0,0,0,0,0,0,794,501,0,976,443,1199,0,0,0,0,0,0,0,0,0,0,5658,454,0,0,0,0,0,0,0,0,0,0,2344,571,0,0,0,0,9174,0,0,0,0,943,585,3054,1410,1246,6081,12574,17999,3974,3106,0,0,0,0,0,0,0,0,14191,30079,39658,18479,0,0,2391,477,271,404,658,448,2653,487,0,0,0,0,0,2657,0,0,2452,1392,966,2937,0,0,414,0,0,0,0,0,322,329,0,4337,0,0,745,0,0,0,0,0,290,0,3405,740,0,872,1007,0,282,712,629,0,4352,0,0,0,0,0,424,0,1322,510,281,0,0,2117,0,0,0,0,0,303,0,0,0,0,0,0,0,0,0,0,0,0,0,431,0,0,0,6346,0,2592,0,16705,0,0,0,0,0,0,254,446,360,327,333,0,0,241,0,0,0,95901,0,0,0,0,0,0,0,377,0,0,0,0,0,0,1569,1622,0,0,0,702,0,0,0,0,0,0,0,0,656,0,0,0,0,0,0,0,0,0,0,0,0,33826,0,509,248,219,0,0,0,880,534,0,0,0,0,0,0,0,0,0,0,0,0,0,0,0,32149,47433,9954,0,0,0,410,0,0,0,285,0,0,0,0,0,0,0,0,0,0,0,0,0,0,0,5389,0,0,0,0,0,1169,0,0,0,0,0,0,1100,0,0,49122,387,0,0,0,26127,0,0,592,1104,2761,8179,0,0,418,261,2923,0,1517,127801,0,0,0,0,724,0,0,350,0,0,3321,0,8277,0,0,0,2325,761,0,0,0,0,0,200,0,0,0,669,2695,1760,26872,0,14472,0,0,588,0,2677,0,278,225,0,1725,4076,0,0,264,0,0,0,0,0,0,0,0,0,0,0,0,384,353,0,0,0,79649,0,10931,123667,2969,0,0,0,0,0,0,0,0,0,0,0,0,1343,1763,0,0,0,0,0,15255,1290,231,0,921,3345,289,19430,379,2793,0,0,0,0,916,0,0,200,822,7809,9915,971,9506,5930,13228,8807,152379,0,0,0,0,0,0,0,0,0,2340,250,217,0,383,2798,0,0,0,0,975,0,0,0,0,716,0,2194,0,0,283,0,350,0,0,0,1396,1516,816,415,1320,607,0,0,372,0,1370,419,1664,5829,CST1,0.29947665,0.68626964,0.014253706
Sample_51,1231782,0,658,723,0,0,0,14650,0,547,607,960,1433,1285,2358,265532,4125,110625,384,0,0,0,0,0,0,0,211,583,0,0,0,0,0,0,0,510,408,0,0,560,1260,0,0,0,0,0,0,0,0,0,0,2606,0,0,0,0,0,0,0,0,0,200,0,533,237,0,0,0,239,131918,0,0,0,0,1214,321,0,201,0,3155,0,201,312,0,455,0,0,0,257,0,0,0,10243,1725,1434,9247,0,0,3014,701,0,230,825,0,232,0,0,0,0,0,0,0,0,0,288,221,0,0,0,0,1886,300,0,0,0,0,9440,0,0,0,0,0,0,0,0,367,337,223,791,0,1243,2461,349,700,774,0,881,2470,1879,451,4857,0,0,0,0,0,0,0,60558,0,0,0,0,0,401,0,0,0,0,0,0,0,0,0,0,0,0,0,0,0,0,0,0,0,0,0,0,419,0,1648,0,9877,0,0,0,0,0,0,0,0,0,0,0,0,872,0,0,225,0,7115,0,0,245,278,0,262,0,29678,0,0,0,0,0,0,246,4383,0,0,0,0,0,0,0,0,0,0,0,0,0,0,0,0,0,0,0,0,0,0,0,0,0,1052,0,0,0,0,0,0,0,3896,0,0,0,0,0,0,0,0,0,0,0,0,0,0,0,0,2569,1054,1524,0,0,0,0,0,0,0,0,0,0,0,0,257,226,403,0,0,0,0,0,0,0,0,4150,0,0,0,0,204,4801,0,0,1094,0,0,0,527,0,0,611,547,749,0,0,159071,0,0,0,0,399,371,0,0,3139,265,297,0,256,37374,0,0,0,0,2608,584,0,0,0,0,908,0,33029,0,0,0,5008,0,0,0,0,0,0,0,0,0,0,590,521,372,2165,0,356,0,0,1845,0,651,0,0,0,0,535,17310,293,0,390,0,0,0,0,0,0,0,0,0,223,331,299,701,680,0,0,0,573,0,0,2208,0,0,0,0,0,0,0,0,0,0,0,0,0,719,2038,0,0,0,0,496,28227,2108,371,214,38391,919,200,5919,0,714,0,0,0,0,0,0,0,0,0,10849,51381,902,7541,4428,3416,19623,10649,0,0,0,0,0,0,0,0,0,5400,0,355,0,324,1204,0,0,0,0,771,0,0,0,0,2365,0,0,0,0,0,0,1303,0,379,0,925,956,533,596,893,449,0,0,0,0,951,317,869,4027,CST0,0.8968622,0.015593417,0.0875443
Sample_52,1681739,0,677,647,0,0,0,15060,0,429,792,900,7432,973,4797,158212,29795,3191,354,0,0,0,0,0,0,0,0,0,0,0,0,0,0,0,0,0,0,0,0,567,265,0,0,0,0,0,255,0,0,0,664,1677,0,0,0,0,0,603,0,0,0,0,0,1750,667,0,0,0,0,38367,0,0,0,0,0,0,386,431,438,1856,1720,9566,1552,1287,0,0,0,0,0,0,0,0,15263,27585,41373,17495,0,0,2652,1287,0,1334,2032,0,358,0,0,0,0,0,0,0,1662,0,345,0,0,364,0,0,0,0,0,0,0,322,0,0,241,0,0,296,0,0,0,0,0,0,3844,0,11160,2228,334,2312,2852,0,724,2331,1785,450,7143,0,0,0,0,0,0,0,0,0,0,0,0,509,0,0,0,0,0,0,0,0,0,0,0,0,0,0,0,0,0,0,833,1045,0,0,262,15980,0,14542,0,2447,0,0,0,0,0,0,0,0,510,0,0,0,0,0,0,0,0,197215,0,0,0,0,0,0,0,0,0,0,0,0,0,0,3868,0,0,0,0,213,0,0,0,0,0,0,0,0,504,0,0,0,0,0,0,0,0,0,0,0,0,28460,0,583,239,363,399,0,265,2884,1311,0,0,0,0,0,0,0,0,0,0,0,0,0,0,0,3052,22173,6205,0,0,0,0,0,0,0,0,0,0,0,0,0,0,0,0,0,0,0,0,0,0,375,12169,0,0,0,0,0,0,0,0,0,0,0,0,2180,0,0,5576,3046,278,457,0,11173,0,0,398,0,414,246,0,0,0,406,951,0,0,154895,0,0,0,0,319,0,0,0,0,0,710,0,18815,0,0,0,12196,0,0,0,0,0,0,0,0,0,0,2260,824,13636,3678,0,349,0,0,0,0,599,0,0,406,0,3810,54520,0,5714,228,1029,0,0,0,2919,0,0,0,0,0,0,0,0,0,0,0,0,38331,0,15964,400950,8852,0,0,0,0,0,0,0,0,0,0,0,0,335,403,0,0,0,0,0,6724,2539,374,0,0,961,407,16255,0,826,0,0,0,0,981,0,0,394,371,6169,3552,203,6621,9397,17770,5595,60159,0,0,0,0,0,0,0,0,0,2058,0,288,218,726,9039,0,0,0,0,535,0,0,0,0,293,0,833,0,0,0,0,0,0,0,0,1017,1007,477,220,700,386,0,0,223,0,945,265,1142,5714,CST2,0.0016272621,4.408529e-05,0.99832875
Sample_53,935541,335,373,350,222,0,0,3645,0,617,583,1053,1173,1005,6670,43740,46752,1884,408,0,0,0,0,0,0,0,0,0,0,0,0,0,0,0,0,357,757,0,334,270,1138,0,0,0,0,0,0,0,0,0,816,676,0,0,0,0,0,0,0,0,0,0,0,238,0,0,0,0,3119,6639,0,0,0,0,0,0,3947,544,0,1087,553,1385,1022,311,0,0,0,0,0,0,0,0,3063,3488,3972,3499,0,0,2681,0,0,0,885,0,516,0,0,0,0,0,0,402,0,0,469,295,250,690,0,0,0,0,0,0,0,0,0,0,0,434,0,0,0,0,653,0,0,0,878,0,3972,2133,371,2032,2124,0,733,2211,1487,472,9336,0,0,0,0,0,0,0,0,0,0,230,0,0,0,0,0,0,0,0,0,0,6449,0,0,0,0,0,0,0,0,0,0,0,0,0,0,1130,0,604,0,1119,0,0,0,0,0,0,0,0,0,0,0,0,1449,0,253,223,0,39221,0,0,0,0,384,0,0,0,0,0,0,0,0,257,810,0,0,0,0,0,0,0,0,0,0,0,0,0,0,0,0,0,0,0,0,0,0,0,0,0,0,2883,0,0,0,0,0,0,0,0,260,0,0,0,0,0,0,0,0,0,0,0,0,0,0,0,3476,58774,60640,0,1512,0,0,0,0,0,0,0,0,0,0,0,0,0,0,0,0,0,0,0,0,2286,30959,0,0,0,0,3271,9198,4498,0,0,0,0,1328,0,0,0,0,9157,0,0,0,50572,0,0,0,1051,2843,4189,0,0,0,0,246,0,479,5211,0,0,474,0,776,0,0,0,0,0,687,0,51309,0,0,0,7638,374,0,0,0,0,0,0,0,0,0,728,888,0,5132,0,1009,0,0,347,0,859,0,0,0,0,1008,18113,0,0,0,0,1121,0,0,204,0,0,0,0,0,0,0,0,0,0,0,0,3296,0,2005,39379,19951,0,0,0,0,0,0,0,0,0,0,0,0,1150,1420,0,0,0,0,296,24514,5067,792,0,0,663,0,5851,0,374,0,0,0,0,331,0,0,368,0,19513,19331,1615,23974,56082,12852,21842,80908,0,0,0,205,0,0,0,322,217,5230,354,365,401,1261,3979,0,0,227,0,1249,0,0,0,0,708,0,2282,0,0,0,0,0,0,0,0,0,0,0,0,0,0,0,0,0,0,0,0,0,2489,CST2,0.4902093,0.0055529037,0.5042378
Sample_54,1934325,1538,2082,1970,0,0,311,44057,0,786,1057,1601,5356,1793,14969,565998,5244,237035,756,0,0,0,0,0,0,0,0,0,0,0,0,0,0,0,0,811,652,0,1231,1472,955,0,0,0,0,0,0,0,0,0,305,5528,0,0,0,0,0,0,0,0,0,0,0,474,264,0,0,0,0,80916,0,0,0,0,0,0,0,211,208,1457,748,4853,740,583,0,0,0,0,0,0,0,0,8496,2238,1868,9860,0,0,1669,442,0,0,4385,243,811,0,0,0,0,0,0,0,0,0,1818,409,413,962,0,0,261,0,0,0,0,0,246,0,0,0,0,0,0,0,0,0,0,0,2916,0,17976,3690,568,6460,7356,0,1367,3666,2983,712,19695,0,0,0,0,0,0,0,0,0,0,0,0,238,0,0,0,0,0,0,0,0,0,0,0,0,0,0,0,0,0,0,0,0,0,0,0,2221,274,18231,0,37296,0,0,0,0,0,0,0,0,0,0,0,0,0,0,0,0,0,139667,0,0,0,0,0,0,0,0,0,0,0,0,0,0,0,0,0,0,0,2487,0,0,0,0,0,0,0,0,0,0,0,0,0,0,0,0,0,0,0,0,0,2014,0,0,0,0,0,0,0,282,0,0,0,0,0,0,0,0,0,0,0,0,0,0,0,0,10974,5047,1541,0,0,0,0,0,0,0,0,0,0,0,0,0,0,0,0,0,0,0,0,226,0,1117,3147,0,0,0,0,0,2786,0,0,0,0,0,0,1431,0,0,592,0,0,0,0,95889,0,0,0,383,646,0,0,0,870,1285,1242,0,0,5294,0,0,0,0,0,0,0,0,0,0,2787,0,12686,0,0,0,1841,382,0,0,0,0,0,0,0,0,0,771,1135,297,9403,0,0,0,0,509,0,1102,0,0,0,0,217,8279,0,0,0,0,0,0,0,0,0,0,0,0,0,0,0,0,0,0,0,0,637,0,2082,49674,717,0,0,0,0,0,0,0,0,0,0,0,655,5317,13422,0,0,0,0,0,24739,6194,1860,0,1672,2311,0,45186,268,2593,0,452,495,0,1156,0,0,652,212,1484,33849,3324,47036,10764,2855,16418,13098,0,0,0,374,291,263,233,435,756,81643,6131,926,1303,4323,14990,0,0,533,0,26534,0,0,245,0,288,0,528,0,226,0,0,0,0,0,0,6727,6936,3883,2290,4147,2277,0,0,481,0,5530,2150,5324,3376,CST0,0.8908396,0.02834243,0.08081799
Sample_56,1743804,0,1197,1089,0,0,0,2303,223,5775,9610,9472,13846,12076,167954,88766,7960,20868,4772,293,0,269,201,0,249,0,0,0,0,0,423,433,0,0,0,389,1925,0,0,869,505,486,236,214,265,0,0,232,220,0,290,286,0,842,1043,802,354,0,0,201,0,0,656,0,0,396,0,643,0,2571,205,0,0,0,0,0,770,0,0,0,0,924,861,0,291,362,0,0,306,203,0,315,2477,917,806,3035,277,0,237,0,0,0,1745,219,1147,0,0,0,0,0,0,210,0,0,1042,1104,326,1488,0,227,0,0,242,341,0,0,0,0,0,0,0,0,0,0,0,609,423,467,9370,270,3683,26110,4590,114888,127686,204,8917,26765,18110,4921,94929,205,0,0,0,0,0,0,0,0,0,0,0,0,0,0,215,0,0,0,0,0,238,0,0,0,0,0,0,0,206,391,0,0,0,0,0,564,0,21110,0,1365,0,269,213,312,0,393,0,0,0,0,0,0,0,0,0,0,246,17447,235,0,215,217,0,0,235,0,0,0,0,0,0,0,0,0,0,409,0,0,0,0,0,0,0,0,0,0,0,260,432,0,337,369,0,297,242,300,337,362,0,224,0,0,0,0,0,0,0,0,0,0,0,0,0,0,0,0,0,0,0,0,0,0,0,253,203,0,208,275,0,237,0,0,0,0,0,0,313,282,253,0,0,0,0,0,0,272,0,0,0,1510,1885,0,0,259,0,0,0,0,240,0,0,0,0,0,0,0,1764,1419,555,0,0,2498,203,0,0,10778,83330,1989,380,0,447,1844,5532,0,0,1866,221,206,0,201,1158,284,0,0,0,0,1221,0,4808,0,0,0,44371,356,0,0,0,0,0,0,0,0,0,203,1852,24461,10340,0,0,0,0,0,0,1003,0,0,0,0,1159,181698,0,0,0,349,0,0,0,1818,0,0,632,0,0,214,0,0,0,0,216,297,2281,0,8255,249861,2515,0,510,287,0,0,0,0,0,0,0,0,0,826,485,0,0,0,0,0,13974,2497,426,0,0,0,0,2662,0,0,0,315,452,0,16338,234,0,1390,0,114313,967,0,2810,12860,384,3117,2420,0,0,0,319,243,266,331,443,304,3214,441,418,519,1464,19083,0,0,0,0,1370,0,0,267,0,1189,0,2997,0,394,0,0,0,0,0,0,0,0,0,0,0,0,0,0,0,0,0,0,0,3632,CST2,1.5105015e-05,3.2947434e-10,0.99998486
Sample_7,1797682,0,1188,1142,0,0,0,44693,0,1804,3060,3427,4799,4315,19645,952715,860,23603,1560,0,0,0,0,0,0,0,0,0,0,0,0,0,0,0,0,0,0,0,0,835,340,0,0,0,0,0,0,0,0,0,0,842,0,242,279,0,0,0,0,0,0,0,0,2663,386,0,0,0,0,121045,0,0,0,0,0,0,1108,353,0,2628,208,471,1085,0,0,0,0,0,0,0,0,0,23619,10717,9523,36472,0,0,2831,0,0,207,417,0,311,0,0,0,0,0,0,0,0,0,325,0,0,295,0,0,0,0,0,0,0,0,0,0,0,230,0,0,0,0,0,262,224,0,2704,0,18804,9057,1210,5697,6372,0,2914,8426,6386,1629,30393,0,0,0,0,0,0,0,0,0,0,0,0,451,0,0,0,0,0,0,0,0,0,0,0,0,0,0,0,0,0,0,0,0,0,0,0,1161,0,13342,0,5770,0,0,0,0,0,205,0,0,0,0,0,0,242,0,0,0,0,28176,0,0,0,0,0,0,0,0,0,0,0,1367,0,0,0,1446,0,0,0,310,0,0,0,0,0,0,0,0,0,0,0,0,0,0,0,0,0,0,0,0,0,1740,0,0,0,0,0,0,0,225,0,0,0,0,0,0,0,0,0,0,0,0,0,0,0,0,1466,3938,720,0,0,0,0,0,0,0,0,0,0,0,0,0,0,0,0,0,0,0,0,0,0,0,581,0,0,0,0,0,631,0,0,0,0,0,0,2309,0,0,2897,1523,200,0,0,25994,0,0,0,595,1400,0,0,0,0,389,685,0,390,75972,0,0,0,0,2094,491,0,911,0,0,512,0,25768,0,0,0,1375,0,0,0,0,0,0,0,0,0,0,301,299,0,2516,0,0,0,0,632,0,300,0,0,0,0,0,3523,0,0,0,0,0,0,0,0,0,0,210,0,0,0,0,633,220,0,0,0,12821,0,3883,88843,1119,0,0,0,0,0,0,0,0,0,0,0,0,246,295,0,0,0,0,0,7135,248,0,0,869,771,0,24136,0,539,0,0,0,0,0,0,0,0,0,1683,1437,456,1450,728,521,834,7766,0,0,0,0,0,0,0,0,0,315,0,237,0,0,363,0,0,0,0,277,0,0,0,0,1986,0,0,0,0,0,0,335,0,0,0,8634,8643,4962,887,5611,1556,0,232,272,231,7558,1417,6476,3679,CST2,0.23555374,0.04108571,0.7233606
Sample_8,2041931,2322,3502,3549,461,0,301,68919,0,651,1017,952,2025,1078,24865,312048,66792,34215,439,0,0,0,0,0,0,0,0,0,0,0,0,0,0,0,0,1871,4334,0,2549,2449,4194,0,0,0,0,0,0,0,0,0,1730,63616,952,0,0,0,0,0,0,0,0,0,0,0,0,0,0,0,0,39999,0,0,0,0,261,0,238,301,0,1297,270,1185,584,236,0,0,0,257,0,0,0,0,9682,2412,2054,10104,0,0,1020,621,0,209,969,879,4303,445,0,0,0,257,0,277,0,0,6780,2221,1557,4662,0,0,371,0,0,0,0,0,234,0,0,0,0,0,0,0,0,0,0,0,950,0,25066,2087,454,9883,11038,0,817,2239,2566,444,42057,0,0,0,0,0,0,0,0,0,0,0,0,0,0,0,0,0,0,0,0,0,429,0,0,0,0,0,0,0,0,0,0,0,0,0,0,3374,1868,11864,0,15078,0,0,0,0,0,0,0,0,0,0,0,0,0,0,0,0,0,101163,0,0,0,0,0,0,0,662,0,0,0,0,0,0,0,1629,0,0,0,4736,0,0,0,0,0,0,351,0,0,0,0,0,0,0,0,0,0,0,0,0,0,1941,0,0,0,0,0,0,0,413,0,0,0,0,0,0,0,0,0,0,0,0,0,0,0,0,21620,671,330,0,0,0,0,0,0,0,0,0,0,0,0,0,0,0,0,0,0,0,0,288,0,1995,14644,0,0,0,0,0,0,0,0,676,0,0,0,498,0,0,1109,0,0,0,0,84559,0,0,0,1125,2189,414,0,0,0,404,3284,0,0,2039,0,0,0,0,804,220,0,426,0,0,9781,0,21471,0,0,0,26814,1264,0,0,0,0,0,0,0,0,0,1128,5299,0,51276,0,573,0,0,0,0,5977,0,595,0,0,500,20583,0,0,388,0,0,0,0,0,0,0,0,0,0,0,0,701,839,0,0,0,1748,0,3927,66841,875,0,0,0,0,0,0,0,0,0,0,0,1001,11893,28798,0,0,0,0,1372,187886,15943,2446,258,1664,6190,224,61669,536,4670,0,851,1205,0,19683,444,0,405,0,38649,2919,1365,5192,1305,521,2183,4065,0,0,0,367,253,340,209,599,2204,105079,5665,2035,2873,8334,159069,0,0,1008,0,24166,261,0,200,0,965,0,2604,0,0,0,0,283,0,0,0,3333,3344,3113,914,3535,856,0,0,0,0,2665,809,2949,3062,CST0,0.9033039,0.016751118,0.079944916
Sample_9,2589871,697,4437,4298,386,0,0,11659,0,994,1803,1753,2911,1898,23949,186856,31379,91578,715,0,216,375,0,0,0,0,0,0,0,0,269,359,0,0,278,1084,3204,0,542,3003,2813,441,226,0,0,0,0,0,0,274,567,15930,573,847,818,568,310,0,0,0,0,0,0,1619,504,0,209,308,0,116627,0,0,0,0,0,0,1172,221,0,1205,439,2130,4618,360,0,412,0,0,0,0,0,278,6748,17181,17296,7216,0,0,32864,1729,311,349,10842,380,1945,483,0,0,0,0,0,750,0,0,2778,1131,661,1730,0,0,0,262,0,215,0,0,0,0,0,534,0,0,0,0,0,548,325,309,1454,0,9352,4508,674,9526,10225,0,1473,4260,3384,1029,28621,0,276,0,0,0,0,0,0,0,0,0,0,598,0,0,460,0,0,0,0,0,0,0,0,0,0,248,0,0,0,0,0,0,0,0,0,4835,0,9169,0,9933,0,0,206,411,272,373,0,0,0,0,0,0,208,0,0,0,0,0,0,0,0,200,0,0,0,0,0,0,0,0,0,0,338,0,0,945,0,419,0,0,0,0,0,0,222,0,0,0,0,242,0,371,0,0,298,208,257,0,0,3870,0,0,0,0,0,0,0,257,0,0,0,0,0,0,0,0,0,228,0,0,0,0,0,248,11374,2289,748,0,0,267,0,0,0,0,0,0,0,0,0,0,0,0,0,0,0,0,0,448,0,2992,22161,0,0,0,248,0,985,0,0,0,236,0,0,280,0,0,6303,594,0,0,0,158831,0,0,0,2299,10315,5361,321,0,386,501,1378,0,0,115567,0,314,0,0,0,0,0,0,0,263,3960,0,17831,0,0,0,101308,497,0,0,0,0,0,246,0,0,0,10186,2131,12163,14996,0,1377,0,0,8739,0,2979,0,282,211,0,2357,62654,0,0,687,202,0,0,0,0,0,0,238,208,0,0,0,2429,429,206,537,0,21940,0,14986,367844,3771,232,383,403,0,0,0,0,0,0,0,0,708,4708,6715,0,0,0,0,0,19572,8579,1467,0,2339,895,0,36322,0,917,0,580,687,211,7147,252,0,740,0,155718,2823,2570,10740,4077,760,3274,5654,0,0,0,807,480,602,392,1008,3931,168217,3693,3433,5781,14241,320466,0,0,2169,0,15203,405,223,464,0,4738,0,0,0,269,0,0,0,0,0,0,1545,1412,971,732,1090,544,0,217,385,201,1351,532,1837,9907,CST2,0.0048316764,2.239013e-05,0.99514586
